Filename,Line,Size (bytes),Count
/Users/elifohri/Documents/mobile-env/mobile_env/core/job_generator.py,64,1512320,4726
/Library/Developer/CommandLineTools/Library/Frameworks/Python3.framework/Versions/3.9/lib/python3.9/tracemalloc.py,558,175768,3367
/Users/elifohri/Library/Python/3.9/lib/python/site-packages/matplotlib/lines.py,389,147936,67
/Users/elifohri/Library/Python/3.9/lib/python/site-packages/matplotlib/text.py,314,112608,51
/Library/Developer/CommandLineTools/Library/Frameworks/Python3.framework/Versions/3.9/lib/python3.9/tracemalloc.py,193,101760,2120
/Users/elifohri/Library/Python/3.9/lib/python/site-packages/pandas/core/internals/concat.py,177,84832,20
/Users/elifohri/Documents/mobile-env/mobile_env/core/data_transfer.py,182,72000,3000
/Users/elifohri/Documents/mobile-env/mobile_env/core/data_transfer.py,180,71952,2998
/Library/Developer/CommandLineTools/Library/Frameworks/Python3.framework/Versions/3.9/lib/python3.9/tracemalloc.py,67,67520,1055
/Library/Developer/CommandLineTools/Library/Frameworks/Python3.framework/Versions/3.9/lib/python3.9/tracemalloc.py,505,60072,1066
/Users/elifohri/Documents/mobile-env/mobile_env/core/job_generator.py,31,58996,2107
/Users/elifohri/Documents/mobile-env/mobile_env/core/job_generator.py,55,56496,2354
/Users/elifohri/Documents/mobile-env/mobile_env/core/job_generator.py,44,56256,2344
/Users/elifohri/Library/Python/3.9/lib/python/site-packages/matplotlib/transforms.py,198,54896,622
/Users/elifohri/Documents/mobile-env/mobile_env/core/data_transfer.py,103,52056,2169
/Users/elifohri/Documents/mobile-env/mobile_env/core/data_transfer.py,121,51840,2160
/Users/elifohri/Documents/mobile-env/mobile_env/core/data_transfer.py,120,51840,2160
/Library/Developer/CommandLineTools/Library/Frameworks/Python3.framework/Versions/3.9/lib/python3.9/tracemalloc.py,498,51600,1067
/Library/Developer/CommandLineTools/Library/Frameworks/Python3.framework/Versions/3.9/lib/python3.9/copy.py,279,40208,353
/Users/elifohri/Library/Python/3.9/lib/python/site-packages/pandas/core/indexes/base.py,670,39896,497
/Users/elifohri/Library/Python/3.9/lib/python/site-packages/matplotlib/transforms.py,122,37216,567
/Users/elifohri/Library/Python/3.9/lib/python/site-packages/matplotlib/cbook.py,188,33480,155
/Users/elifohri/Library/Python/3.9/lib/python/site-packages/matplotlib/cbook.py,182,32232,617
/Library/Developer/CommandLineTools/Library/Frameworks/Python3.framework/Versions/3.9/lib/python3.9/threading.py,364,32208,61
/Users/elifohri/Library/Python/3.9/lib/python/site-packages/pandas/core/dtypes/concat.py,78,32160,4
/Library/Developer/CommandLineTools/Library/Frameworks/Python3.framework/Versions/3.9/lib/python3.9/copy.py,230,27648,48
/Users/elifohri/Documents/mobile-env/mobile_env/core/data_transfer.py,173,25984,1
/Users/elifohri/Documents/mobile-env/mobile_env/core/data_transfer.py,172,25984,1
/Users/elifohri/Documents/mobile-env/mobile_env/core/base.py,1314,24800,200
/Users/elifohri/Library/Python/3.9/lib/python/site-packages/matplotlib/artist.py,181,20088,177
/Users/elifohri/Documents/mobile-env/mobile_env/core/data_process.py,84,19344,806
/Users/elifohri/Documents/mobile-env/mobile_env/core/data_process.py,83,19344,806
/Users/elifohri/Documents/mobile-env/mobile_env/core/data_process.py,82,19344,806
/Users/elifohri/Library/Python/3.9/lib/python/site-packages/matplotlib/path.py,184,19240,65
/Users/elifohri/Library/Python/3.9/lib/python/site-packages/matplotlib/artist.py,213,16632,297
/Users/elifohri/Library/Python/3.9/lib/python/site-packages/matplotlib/transforms.py,197,15048,209
/Library/Developer/CommandLineTools/Library/Frameworks/Python3.framework/Versions/3.9/lib/python3.9/copy.py,153,13328,232
/Users/elifohri/Library/Python/3.9/lib/python/site-packages/IPython/core/compilerop.py,86,13262,219
/Users/elifohri/Library/Python/3.9/lib/python/site-packages/pandas/core/internals/blocks.py,800,12768,161
/Users/elifohri/Library/Python/3.9/lib/python/site-packages/matplotlib/path.py,160,12728,43
/Users/elifohri/Library/Python/3.9/lib/python/site-packages/pandas/io/formats/format.py,1239,12240,70
/Users/elifohri/Documents/mobile-env/mobile_env/core/base.py,1311,12000,200
/Library/Developer/CommandLineTools/Library/Frameworks/Python3.framework/Versions/3.9/lib/python3.9/copyreg.py,95,11376,237
/Users/elifohri/Library/Python/3.9/lib/python/site-packages/matplotlib/lines.py,710,11046,183
/Library/Developer/CommandLineTools/Library/Frameworks/Python3.framework/Versions/3.9/lib/python3.9/tokenize.py,528,10024,179
/Users/elifohri/Library/Python/3.9/lib/python/site-packages/matplotlib/cbook.py,186,9920,155
/Users/elifohri/Library/Python/3.9/lib/python/site-packages/matplotlib/cbook.py,184,9920,155
<string>,1,9680,151
/Users/elifohri/Library/Python/3.9/lib/python/site-packages/numpy/_core/_methods.py,138,9624,401
/Library/Developer/CommandLineTools/Library/Frameworks/Python3.framework/Versions/3.9/lib/python3.9/tracemalloc.py,502,9324,333
/var/folders/gk/qhk8w9w54t73z8lpmqkd7m280000gn/T/ipykernel_7461/486831927.py,2,9056,3
/Users/elifohri/Documents/mobile-env/mobile_env/core/base.py,1308,8800,200
/Users/elifohri/Documents/mobile-env/mobile_env/core/base.py,1305,8800,200
/Users/elifohri/Documents/mobile-env/mobile_env/core/base.py,1302,8800,200
/Users/elifohri/Documents/mobile-env/mobile_env/core/base.py,1299,8800,200
/Users/elifohri/Library/Python/3.9/lib/python/site-packages/matplotlib/cbook.py,185,8680,155
/Users/elifohri/Library/Python/3.9/lib/python/site-packages/matplotlib/lines.py,684,7616,86
/Users/elifohri/Library/Python/3.9/lib/python/site-packages/matplotlib/artist.py,201,7536,152
/Users/elifohri/Library/Python/3.9/lib/python/site-packages/matplotlib/transforms.py,199,7392,15
/Users/elifohri/Documents/mobile-env/mobile_env/core/monitoring.py,48,7144,17
/Users/elifohri/Library/Python/3.9/lib/python/site-packages/matplotlib/transforms.py,2370,6768,94
/Users/elifohri/Library/Python/3.9/lib/python/site-packages/matplotlib/text.py,1259,6720,40
/Users/elifohri/Library/Python/3.9/lib/python/site-packages/matplotlib/transforms.py,1913,6400,96
/Users/elifohri/Library/Python/3.9/lib/python/site-packages/matplotlib/transforms.py,777,6272,124
/Library/Developer/CommandLineTools/Library/Frameworks/Python3.framework/Versions/3.9/lib/python3.9/copy.py,227,6144,96
/Library/Developer/CommandLineTools/Library/Frameworks/Python3.framework/Versions/3.9/lib/python3.9/contextlib.py,87,5792,33
/Users/elifohri/Library/Python/3.9/lib/python/site-packages/matplotlib/cbook.py,293,5040,30
/Users/elifohri/Library/Python/3.9/lib/python/site-packages/matplotlib/lines.py,683,4998,78
/Users/elifohri/Library/Python/3.9/lib/python/site-packages/numpy/_core/_methods.py,52,4800,200
/Library/Developer/CommandLineTools/Library/Frameworks/Python3.framework/Versions/3.9/lib/python3.9/copy.py,76,4800,144
/Users/elifohri/Library/Python/3.9/lib/python/site-packages/matplotlib/markers.py,243,4640,40
/Users/elifohri/Library/Python/3.9/lib/python/site-packages/numpy/_core/fromnumeric.py,46,4584,59
/Library/Developer/CommandLineTools/Library/Frameworks/Python3.framework/Versions/3.9/lib/python3.9/copy.py,92,4560,57
/Users/elifohri/Library/Python/3.9/lib/python/site-packages/IPython/core/compilerop.py,174,4398,52
/Users/elifohri/Library/Python/3.9/lib/python/site-packages/matplotlib/transforms.py,192,4384,137
/Library/Developer/CommandLineTools/Library/Frameworks/Python3.framework/Versions/3.9/lib/python3.9/queue.py,210,4312,154
/Library/Developer/CommandLineTools/Library/Frameworks/Python3.framework/Versions/3.9/lib/python3.9/json/decoder.py,353,4201,40
/Users/elifohri/Library/Python/3.9/lib/python/site-packages/matplotlib/path.py,178,4160,65
/Users/elifohri/Library/Python/3.9/lib/python/site-packages/pandas/core/internals/blocks.py,306,4024,62
/Users/elifohri/Library/Python/3.9/lib/python/site-packages/matplotlib/transforms.py,772,3920,70
/Users/elifohri/Library/Python/3.9/lib/python/site-packages/pandas/io/formats/format.py,1311,3360,20
/Users/elifohri/Documents/mobile-env/mobile_env/core/base.py,1293,3264,101
/Users/elifohri/Documents/mobile-env/mobile_env/core/base.py,1291,3264,101
/Users/elifohri/Library/Python/3.9/lib/python/site-packages/matplotlib/path.py,177,3120,65
/Users/elifohri/Library/Python/3.9/lib/python/site-packages/numpy/_core/fromnumeric.py,54,3080,19
/Library/Developer/CommandLineTools/Library/Frameworks/Python3.framework/Versions/3.9/lib/python3.9/copy.py,237,3072,48
/Users/elifohri/Library/Python/3.9/lib/python/site-packages/matplotlib/transforms.py,142,3008,47
/Users/elifohri/Library/Python/3.9/lib/python/site-packages/matplotlib/transforms.py,767,2992,61
/Users/elifohri/Library/Python/3.9/lib/python/site-packages/matplotlib/path.py,149,2560,40
/Users/elifohri/Documents/mobile-env/mobile_env/handlers/smart_city_handler.py,112,2400,100
/Users/elifohri/Documents/mobile-env/mobile_env/core/base.py,863,2400,100
/Users/elifohri/Documents/mobile-env/mobile_env/core/base.py,849,2400,100
/Users/elifohri/Documents/mobile-env/mobile_env/core/base.py,744,2400,100
/Users/elifohri/Library/Python/3.9/lib/python/site-packages/numpy/_core/fromnumeric.py,42,2320,43
/Users/elifohri/Library/Python/3.9/lib/python/site-packages/matplotlib/figure.py,2542,2320,3
/Users/elifohri/Library/Python/3.9/lib/python/site-packages/matplotlib/lines.py,1357,2304,48
/Users/elifohri/Documents/mobile-env/mobile_env/core/base.py,530,2264,2
/Users/elifohri/Library/Python/3.9/lib/python/site-packages/numpy/linalg/_linalg.py,2566,2259,2
/Users/elifohri/Library/Python/3.9/lib/python/site-packages/matplotlib/transforms.py,2541,2256,47
/Users/elifohri/Library/Python/3.9/lib/python/site-packages/matplotlib/patches.py,765,2208,1
/Users/elifohri/Library/Python/3.9/lib/python/site-packages/matplotlib/patches.py,764,2208,1
/Users/elifohri/Library/Python/3.9/lib/python/site-packages/matplotlib/axis.py,2611,2208,1
/Users/elifohri/Library/Python/3.9/lib/python/site-packages/matplotlib/axis.py,2371,2208,1
/Users/elifohri/Library/Python/3.9/lib/python/site-packages/matplotlib/axes/_base.py,907,2208,1
/Users/elifohri/Library/Python/3.9/lib/python/site-packages/IPython/core/history.py,773,2102,7
/Users/elifohri/Library/Python/3.9/lib/python/site-packages/jupyter_client/session.py,1004,2048,1
/Users/elifohri/Library/Python/3.9/lib/python/site-packages/matplotlib/transforms.py,1865,1904,60
/Users/elifohri/Library/Python/3.9/lib/python/site-packages/matplotlib/transforms.py,1104,1848,11
/Users/elifohri/Library/Python/3.9/lib/python/site-packages/pandas/core/internals/managers.py,1021,1832,25
/Library/Developer/CommandLineTools/Library/Frameworks/Python3.framework/Versions/3.9/lib/python3.9/codeop.py,143,1789,28
/Users/elifohri/Library/Python/3.9/lib/python/site-packages/jupyter_client/session.py,1057,1703,11
/Users/elifohri/Library/Python/3.9/lib/python/site-packages/numpy/lib/_function_base_impl.py,5579,1629,2
/Users/elifohri/Library/Python/3.9/lib/python/site-packages/numpy/lib/_shape_base_impl.py,660,1600,50
/Users/elifohri/Library/Python/3.9/lib/python/site-packages/matplotlib/lines.py,729,1584,33
/Users/elifohri/Library/Python/3.9/lib/python/site-packages/pandas/core/array_algos/take.py,157,1548,16
/Library/Developer/CommandLineTools/Library/Frameworks/Python3.framework/Versions/3.9/lib/python3.9/weakref.py,367,1536,18
/Users/elifohri/Library/Python/3.9/lib/python/site-packages/IPython/core/async_helpers.py,151,1416,11
/Users/elifohri/Library/Python/3.9/lib/python/site-packages/pandas/core/dtypes/cast.py,1604,1362,2
/Users/elifohri/Library/Python/3.9/lib/python/site-packages/matplotlib/lines.py,81,1344,24
/Users/elifohri/Library/Python/3.9/lib/python/site-packages/matplotlib/lines.py,60,1344,24
/Users/elifohri/Library/Python/3.9/lib/python/site-packages/matplotlib/markers.py,313,1340,21
/Users/elifohri/Library/Python/3.9/lib/python/site-packages/matplotlib/transforms.py,2615,1304,18
/Library/Developer/CommandLineTools/Library/Frameworks/Python3.framework/Versions/3.9/lib/python3.9/weakref.py,377,1296,6
/Library/Developer/CommandLineTools/Library/Frameworks/Python3.framework/Versions/3.9/lib/python3.9/tracemalloc.py,229,1296,3
/Users/elifohri/Library/Python/3.9/lib/python/site-packages/pandas/core/internals/managers.py,2285,1288,30
/Users/elifohri/Library/Python/3.9/lib/python/site-packages/IPython/core/history.py,774,1288,4
/Users/elifohri/Library/Python/3.9/lib/python/site-packages/cycler/__init__.py,262,1280,20
/Library/Developer/CommandLineTools/Library/Frameworks/Python3.framework/Versions/3.9/lib/python3.9/tracemalloc.py,535,1264,3
/Users/elifohri/Library/Python/3.9/lib/python/site-packages/matplotlib/axis.py,1598,1224,23
/Users/elifohri/Library/Python/3.9/lib/python/site-packages/matplotlib/cbook.py,225,1208,12
/Users/elifohri/Library/Python/3.9/lib/python/site-packages/numpy/_core/arrayprint.py,966,1202,2
/Users/elifohri/Library/Python/3.9/lib/python/site-packages/pandas/core/series.py,1095,1197,2
/Users/elifohri/Library/Python/3.9/lib/python/site-packages/pandas/core/internals/managers.py,288,1176,21
/Users/elifohri/Library/Python/3.9/lib/python/site-packages/pandas/core/frame.py,4271,1174,2
/Users/elifohri/Library/Python/3.9/lib/python/site-packages/matplotlib/axis.py,164,1144,23
/Users/elifohri/Library/Python/3.9/lib/python/site-packages/matplotlib/cbook.py,98,1144,22
/Library/Developer/CommandLineTools/Library/Frameworks/Python3.framework/Versions/3.9/lib/python3.9/collections/__init__.py,674,1128,24
/Users/elifohri/Documents/mobile-env/mobile_env/core/base.py,834,1120,20
/Users/elifohri/Library/Python/3.9/lib/python/site-packages/pandas/io/formats/format.py,702,1112,1
/Users/elifohri/Library/Python/3.9/lib/python/site-packages/pandas/core/ops/array_ops.py,507,1065,2
/Users/elifohri/Library/Python/3.9/lib/python/site-packages/IPython/core/history.py,827,1064,15
/Users/elifohri/Library/Python/3.9/lib/python/site-packages/matplotlib/axis.py,176,1056,22
/Users/elifohri/Library/Python/3.9/lib/python/site-packages/matplotlib/axis.py,172,1056,22
/Users/elifohri/Library/Python/3.9/lib/python/site-packages/matplotlib/axis.py,159,1056,22
/Users/elifohri/Library/Python/3.9/lib/python/site-packages/matplotlib/axis.py,154,1056,22
/Users/elifohri/Library/Python/3.9/lib/python/site-packages/zmq/sugar/socket.py,805,1056,6
/Users/elifohri/Library/Python/3.9/lib/python/site-packages/traitlets/traitlets.py,731,1038,15
/Users/elifohri/Library/Python/3.9/lib/python/site-packages/matplotlib/transforms.py,1140,1024,16
/Library/Developer/CommandLineTools/Library/Frameworks/Python3.framework/Versions/3.9/lib/python3.9/sre_compile.py,780,1016,2
/Library/Developer/CommandLineTools/Library/Frameworks/Python3.framework/Versions/3.9/lib/python3.9/weakref.py,366,1008,18
/Users/elifohri/Library/Python/3.9/lib/python/site-packages/pandas/core/indexes/base.py,6956,981,2
/Users/elifohri/Library/Python/3.9/lib/python/site-packages/numpy/_core/arrayprint.py,473,976,2
/Users/elifohri/Library/Python/3.9/lib/python/site-packages/pandas/core/internals/managers.py,958,887,2
/Users/elifohri/Library/Python/3.9/lib/python/site-packages/pandas/core/indexing.py,1397,886,2
/Users/elifohri/Library/Python/3.9/lib/python/site-packages/pandas/core/generic.py,4159,882,2
/Users/elifohri/Library/Python/3.9/lib/python/site-packages/matplotlib/ticker.py,547,879,17
/Users/elifohri/Library/Python/3.9/lib/python/site-packages/ipykernel/compiler.py,91,879,7
/Users/elifohri/Library/Python/3.9/lib/python/site-packages/matplotlib/cbook.py,219,872,10
/Users/elifohri/Documents/mobile-env/mobile_env/core/base.py,1339,864,1
/Users/elifohri/Documents/mobile-env/mobile_env/core/base.py,1338,864,1
/Users/elifohri/Documents/mobile-env/mobile_env/core/base.py,1329,864,1
/Users/elifohri/Documents/mobile-env/mobile_env/core/base.py,1328,864,1
/Users/elifohri/Documents/mobile-env/mobile_env/core/base.py,1326,864,1
/Users/elifohri/Documents/mobile-env/mobile_env/core/base.py,1322,864,1
/Users/elifohri/Documents/mobile-env/mobile_env/core/base.py,1321,864,1
/Users/elifohri/Documents/mobile-env/mobile_env/core/base.py,1319,864,1
/Users/elifohri/Documents/mobile-env/mobile_env/core/base.py,1315,864,1
/Users/elifohri/Documents/mobile-env/mobile_env/core/base.py,1312,864,1
/Users/elifohri/Documents/mobile-env/mobile_env/core/base.py,1309,864,1
/Users/elifohri/Documents/mobile-env/mobile_env/core/base.py,1306,864,1
/Users/elifohri/Documents/mobile-env/mobile_env/core/base.py,1303,864,1
/Users/elifohri/Documents/mobile-env/mobile_env/core/base.py,1300,864,1
/Users/elifohri/Documents/mobile-env/mobile_env/core/base.py,1297,864,1
/Users/elifohri/Documents/mobile-env/mobile_env/core/base.py,1292,864,1
/Users/elifohri/Documents/mobile-env/mobile_env/core/base.py,1290,864,1
/Users/elifohri/Documents/mobile-env/mobile_env/core/base.py,1288,864,1
/Users/elifohri/Library/Python/3.9/lib/python/site-packages/pandas/core/internals/concat.py,304,856,15
/Library/Developer/CommandLineTools/Library/Frameworks/Python3.framework/Versions/3.9/lib/python3.9/tracemalloc.py,226,848,2
/Users/elifohri/Library/Python/3.9/lib/python/site-packages/matplotlib/transforms.py,2699,840,10
/Library/Developer/CommandLineTools/Library/Frameworks/Python3.framework/Versions/3.9/lib/python3.9/sre_parse.py,443,840,1
/Users/elifohri/Library/Python/3.9/lib/python/site-packages/IPython/core/interactiveshell.py,3353,836,2
/Users/elifohri/Library/Python/3.9/lib/python/site-packages/numpy/_core/arrayprint.py,815,818,2
/Users/elifohri/Library/Python/3.9/lib/python/site-packages/matplotlib/transforms.py,830,816,17
/Users/elifohri/Library/Python/3.9/lib/python/site-packages/matplotlib/transforms.py,798,816,17
/Library/Developer/CommandLineTools/Library/Frameworks/Python3.framework/Versions/3.9/lib/python3.9/tracemalloc.py,173,816,2
/Library/Developer/CommandLineTools/Library/Frameworks/Python3.framework/Versions/3.9/lib/python3.9/queue.py,151,812,29
/Users/elifohri/Library/Python/3.9/lib/python/site-packages/pandas/core/indexes/base.py,1809,803,2
/Users/elifohri/Library/Python/3.9/lib/python/site-packages/pandas/core/generic.py,4796,797,2
/Users/elifohri/Library/Python/3.9/lib/python/site-packages/pandas/io/formats/format.py,704,780,2
/Users/elifohri/Library/Python/3.9/lib/python/site-packages/traitlets/traitlets.py,1543,751,11
/Users/elifohri/Library/Python/3.9/lib/python/site-packages/matplotlib/backends/backend_agg.py,205,749,12
/Users/elifohri/Library/Python/3.9/lib/python/site-packages/numpy/_core/_methods.py,110,745,2
/Users/elifohri/Library/Python/3.9/lib/python/site-packages/pandas/core/internals/managers.py,1347,734,2
/Users/elifohri/Library/Python/3.9/lib/python/site-packages/matplotlib/transforms.py,2687,728,13
/Library/Developer/CommandLineTools/Library/Frameworks/Python3.framework/Versions/3.9/lib/python3.9/tracemalloc.py,423,728,7
/var/folders/gk/qhk8w9w54t73z8lpmqkd7m280000gn/T/ipykernel_7461/173496355.py,21,720,30
/Users/elifohri/Library/Python/3.9/lib/python/site-packages/matplotlib/patches.py,804,720,15
/Users/elifohri/Library/Python/3.9/lib/python/site-packages/matplotlib/patches.py,803,720,15
/Users/elifohri/Library/Python/3.9/lib/python/site-packages/matplotlib/artist.py,799,720,15
/Users/elifohri/Library/Python/3.9/lib/python/site-packages/pandas/io/formats/format.py,776,704,2
/Library/Developer/CommandLineTools/Library/Frameworks/Python3.framework/Versions/3.9/lib/python3.9/tracemalloc.py,503,700,25
/Users/elifohri/Library/Python/3.9/lib/python/site-packages/matplotlib/artist.py,1188,688,11
/Users/elifohri/Library/Python/3.9/lib/python/site-packages/matplotlib/transforms.py,2328,688,9
/Library/Developer/CommandLineTools/Library/Frameworks/Python3.framework/Versions/3.9/lib/python3.9/copy.py,84,688,5
/Users/elifohri/Library/Python/3.9/lib/python/site-packages/pandas/core/ops/array_ops.py,352,677,2
/Users/elifohri/Library/Python/3.9/lib/python/site-packages/pandas/core/internals/blocks.py,223,672,4
/Users/elifohri/Library/Python/3.9/lib/python/site-packages/matplotlib/cbook.py,1846,672,4
/Library/Developer/CommandLineTools/Library/Frameworks/Python3.framework/Versions/3.9/lib/python3.9/sre_compile.py,168,672,1
/Users/elifohri/Library/Python/3.9/lib/python/site-packages/pandas/core/indexes/base.py,2346,664,10
/Users/elifohri/Library/Python/3.9/lib/python/site-packages/numpy/_core/arrayprint.py,64,648,2
/Users/elifohri/Library/Python/3.9/lib/python/site-packages/matplotlib/backends/backend_agg.py,88,648,2
/Users/elifohri/Library/Python/3.9/lib/python/site-packages/pandas/io/formats/string.py,42,648,1
/Users/elifohri/Library/Python/3.9/lib/python/site-packages/pandas/core/series.py,6231,648,1
/Users/elifohri/Library/Python/3.9/lib/python/site-packages/numpy/_core/arrayprint.py,882,648,1
/Users/elifohri/Documents/mobile-env/mobile_env/core/base.py,579,647,2
/Users/elifohri/Documents/mobile-env/mobile_env/core/base.py,768,640,2
/Users/elifohri/Library/Python/3.9/lib/python/site-packages/pandas/core/generic.py,4027,627,2
/Users/elifohri/Library/Python/3.9/lib/python/site-packages/matplotlib/backends/backend_agg.py,397,624,2
/Users/elifohri/Library/Python/3.9/lib/python/site-packages/pandas/core/array_algos/take.py,162,616,14
/Users/elifohri/Documents/mobile-env/mobile_env/core/utilities.py,52,600,25
/Users/elifohri/Documents/mobile-env/mobile_env/core/schedules.py,125,600,25
/Library/Developer/CommandLineTools/Library/Frameworks/Python3.framework/Versions/3.9/lib/python3.9/inspect.py,2879,600,1
/Library/Developer/CommandLineTools/Library/Frameworks/Python3.framework/Versions/3.9/lib/python3.9/inspect.py,2259,600,1
/Users/elifohri/Library/Python/3.9/lib/python/site-packages/pandas/core/indexes/base.py,1167,592,2
/Users/elifohri/Library/Python/3.9/lib/python/site-packages/jupyter_client/jsonutil.py,75,592,2
/Users/elifohri/Library/Python/3.9/lib/python/site-packages/pandas/core/apply.py,864,578,2
/Users/elifohri/Library/Python/3.9/lib/python/site-packages/matplotlib/lines.py,78,576,24
/Users/elifohri/Library/Python/3.9/lib/python/site-packages/matplotlib/lines.py,1199,576,12
/Users/elifohri/Library/Python/3.9/lib/python/site-packages/pandas/core/array_algos/take.py,165,576,8
/Users/elifohri/Documents/mobile-env/mobile_env/core/movement.py,59,576,6
/Users/elifohri/Documents/mobile-env/mobile_env/core/base.py,700,576,1
/Users/elifohri/Documents/mobile-env/mobile_env/core/base.py,637,576,1
/Library/Developer/CommandLineTools/Library/Frameworks/Python3.framework/Versions/3.9/lib/python3.9/tracemalloc.py,533,576,1
/Users/elifohri/Library/Python/3.9/lib/python/site-packages/matplotlib/lines.py,709,560,35
/Users/elifohri/Library/Python/3.9/lib/python/site-packages/pandas/core/ops/array_ops.py,113,560,2
/Users/elifohri/Library/Python/3.9/lib/python/site-packages/pandas/core/frame.py,5242,560,2
/Users/elifohri/Library/Python/3.9/lib/python/site-packages/pandas/core/nanops.py,1499,559,2
/Users/elifohri/Library/Python/3.9/lib/python/site-packages/matplotlib/axes/_base.py,2487,552,7
/Library/Developer/CommandLineTools/Library/Frameworks/Python3.framework/Versions/3.9/lib/python3.9/sre_parse.py,834,552,1
/Users/elifohri/Library/Python/3.9/lib/python/site-packages/pandas/core/indexes/range.py,1148,550,2
/var/folders/gk/qhk8w9w54t73z8lpmqkd7m280000gn/T/ipykernel_7461/2446506248.py,4,536,1
/Users/elifohri/Library/Python/3.9/lib/python/site-packages/matplotlib/figure.py,1787,536,1
/Users/elifohri/Library/Python/3.9/lib/python/site-packages/jupyter_client/session.py,1082,536,1
/Users/elifohri/Library/Python/3.9/lib/python/site-packages/ipykernel/iostream.py,609,536,1
/Users/elifohri/Library/Python/3.9/lib/python/site-packages/IPython/core/interactiveshell.py,3550,536,1
/Library/Developer/CommandLineTools/Library/Frameworks/Python3.framework/Versions/3.9/lib/python3.9/threading.py,574,536,1
/Users/elifohri/Library/Python/3.9/lib/python/site-packages/matplotlib/cbook.py,117,528,11
/Users/elifohri/Library/Python/3.9/lib/python/site-packages/matplotlib/axis.py,498,528,11
/Users/elifohri/Library/Python/3.9/lib/python/site-packages/matplotlib/axis.py,497,528,11
/Users/elifohri/Library/Python/3.9/lib/python/site-packages/matplotlib/axis.py,496,528,11
/Users/elifohri/Library/Python/3.9/lib/python/site-packages/matplotlib/cbook.py,1398,528,9
/Users/elifohri/Library/Python/3.9/lib/python/site-packages/pandas/io/formats/printing.py,223,528,1
/Users/elifohri/Library/Python/3.9/lib/python/site-packages/IPython/lib/pretty.py,484,528,1
/Library/Developer/CommandLineTools/Library/Frameworks/Python3.framework/Versions/3.9/lib/python3.9/threading.py,381,528,1
/Users/elifohri/Library/Python/3.9/lib/python/site-packages/pandas/core/internals/managers.py,1633,520,2
/Users/elifohri/Library/Python/3.9/lib/python/site-packages/matplotlib/transforms.py,2428,520,1
/Users/elifohri/Library/Python/3.9/lib/python/site-packages/matplotlib/transforms.py,1794,520,1
/Users/elifohri/Library/Python/3.9/lib/python/site-packages/matplotlib/axes/_base.py,3137,520,1
/Users/elifohri/Library/Python/3.9/lib/python/site-packages/matplotlib/axes/_base.py,1932,520,1
/Library/Developer/CommandLineTools/Library/Frameworks/Python3.framework/Versions/3.9/lib/python3.9/tracemalloc.py,470,520,1
/Library/Developer/CommandLineTools/Library/Frameworks/Python3.framework/Versions/3.9/lib/python3.9/tracemalloc.py,377,520,1
/Library/Developer/CommandLineTools/Library/Frameworks/Python3.framework/Versions/3.9/lib/python3.9/tracemalloc.py,356,520,1
/Library/Developer/CommandLineTools/Library/Frameworks/Python3.framework/Versions/3.9/lib/python3.9/copy.py,146,520,1
/Users/elifohri/Library/Python/3.9/lib/python/site-packages/pandas/io/formats/format.py,558,519,2
/Users/elifohri/Library/Python/3.9/lib/python/site-packages/pandas/core/indexing.py,1226,516,2
/Users/elifohri/Library/Python/3.9/lib/python/site-packages/tornado/platform/asyncio.py,235,512,8
/Users/elifohri/Library/Python/3.9/lib/python/site-packages/matplotlib/cbook.py,236,512,1
/Users/elifohri/Library/Python/3.9/lib/python/site-packages/pandas/core/ops/array_ops.py,393,510,2
/Users/elifohri/Library/Python/3.9/lib/python/site-packages/pandas/core/internals/concat.py,597,504,3
/Users/elifohri/Library/Python/3.9/lib/python/site-packages/pandas/core/internals/concat.py,588,504,3
/Users/elifohri/Library/Python/3.9/lib/python/site-packages/pandas/core/base.py,680,498,2
/Users/elifohri/Library/Python/3.9/lib/python/site-packages/pandas/core/generic.py,279,496,8
/var/folders/gk/qhk8w9w54t73z8lpmqkd7m280000gn/T/ipykernel_7461/486831927.py,6,496,1
/Users/elifohri/Library/Python/3.9/lib/python/site-packages/zmq/sugar/socket.py,752,496,1
/Users/elifohri/Library/Python/3.9/lib/python/site-packages/matplotlib/units.py,190,488,1
/Users/elifohri/Library/Python/3.9/lib/python/site-packages/matplotlib/transforms.py,1464,488,1
/Library/Developer/CommandLineTools/Library/Frameworks/Python3.framework/Versions/3.9/lib/python3.9/tracemalloc.py,388,488,1
/Users/elifohri/Library/Python/3.9/lib/python/site-packages/pandas/core/generic.py,4402,487,2
/Users/elifohri/Library/Python/3.9/lib/python/site-packages/matplotlib/axis.py,1303,480,20
/Library/Developer/CommandLineTools/Library/Frameworks/Python3.framework/Versions/3.9/lib/python3.9/asyncio/base_events.py,766,480,5
/Users/elifohri/Library/Python/3.9/lib/python/site-packages/pandas/io/formats/printing.py,120,480,1
/Users/elifohri/Library/Python/3.9/lib/python/site-packages/pandas/core/indexes/range.py,895,478,2
/Users/elifohri/Documents/mobile-env/mobile_env/core/base.py,722,472,2
/Library/Developer/CommandLineTools/Library/Frameworks/Python3.framework/Versions/3.9/lib/python3.9/tracemalloc.py,475,472,2
/Users/elifohri/Library/Python/3.9/lib/python/site-packages/pandas/io/formats/format.py,1062,466,2
/Users/elifohri/Library/Python/3.9/lib/python/site-packages/matplotlib/ticker.py,450,464,4
/Users/elifohri/Library/Python/3.9/lib/python/site-packages/pandas/_config/config.py,632,464,1
/Users/elifohri/Library/Python/3.9/lib/python/site-packages/matplotlib/cbook.py,850,456,9
/Users/elifohri/Library/Python/3.9/lib/python/site-packages/pandas/core/internals/managers.py,953,456,6
/Library/Developer/CommandLineTools/Library/Frameworks/Python3.framework/Versions/3.9/lib/python3.9/tracemalloc.py,501,456,2
/Library/Developer/CommandLineTools/Library/Frameworks/Python3.framework/Versions/3.9/lib/python3.9/tracemalloc.py,369,456,1
/Library/Developer/CommandLineTools/Library/Frameworks/Python3.framework/Versions/3.9/lib/python3.9/warnings.py,130,454,2
/Users/elifohri/Library/Python/3.9/lib/python/site-packages/pandas/io/formats/printing.py,31,451,2
/Users/elifohri/Library/Python/3.9/lib/python/site-packages/pandas/_config/config.py,153,449,2
/Users/elifohri/Library/Python/3.9/lib/python/site-packages/matplotlib/axis.py,1137,440,1
/Library/Developer/CommandLineTools/Library/Frameworks/Python3.framework/Versions/3.9/lib/python3.9/tracemalloc.py,59,440,1
/Users/elifohri/Library/Python/3.9/lib/python/site-packages/matplotlib/axis.py,437,432,9
/Users/elifohri/Library/Python/3.9/lib/python/site-packages/matplotlib/axis.py,436,432,9
/Users/elifohri/Library/Python/3.9/lib/python/site-packages/matplotlib/axis.py,435,432,9
/Users/elifohri/Library/Python/3.9/lib/python/site-packages/ipykernel/iostream.py,527,432,6
/Users/elifohri/Library/Python/3.9/lib/python/site-packages/pandas/core/frame.py,4585,432,2
/Library/Developer/CommandLineTools/Library/Frameworks/Python3.framework/Versions/3.9/lib/python3.9/tracemalloc.py,63,432,1
/var/folders/gk/qhk8w9w54t73z8lpmqkd7m280000gn/T/ipykernel_7461/2186666276.py,3,424,1
/var/folders/gk/qhk8w9w54t73z8lpmqkd7m280000gn/T/ipykernel_7461/173496355.py,33,424,1
/Library/Developer/CommandLineTools/Library/Frameworks/Python3.framework/Versions/3.9/lib/python3.9/fnmatch.py,42,424,1
/Users/elifohri/Library/Python/3.9/lib/python/site-packages/numpy/_core/numeric.py,1373,418,2
/Users/elifohri/Library/Python/3.9/lib/python/site-packages/numpy/lib/_shape_base_impl.py,662,416,13
/Users/elifohri/Library/Python/3.9/lib/python/site-packages/pandas/core/flags.py,52,416,8
/Users/elifohri/Library/Python/3.9/lib/python/site-packages/matplotlib/ticker.py,192,416,8
/Users/elifohri/Library/Python/3.9/lib/python/site-packages/matplotlib/axis.py,522,416,8
/Library/Developer/CommandLineTools/Library/Frameworks/Python3.framework/Versions/3.9/lib/python3.9/asyncio/events.py,80,416,8
/Users/elifohri/Library/Python/3.9/lib/python/site-packages/matplotlib/artist.py,147,416,3
/Library/Developer/CommandLineTools/Library/Frameworks/Python3.framework/Versions/3.9/lib/python3.9/tracemalloc.py,207,416,1
/Library/Developer/CommandLineTools/Library/Frameworks/Python3.framework/Versions/3.9/lib/python3.9/tracemalloc.py,53,416,1
/Users/elifohri/Library/Python/3.9/lib/python/site-packages/numpy/_core/numeric.py,1437,404,2
/Users/elifohri/Library/Python/3.9/lib/python/site-packages/pandas/core/apply.py,1281,393,2
/Users/elifohri/Library/Python/3.9/lib/python/site-packages/pandas/core/indexes/range.py,1009,391,2
/Users/elifohri/Library/Python/3.9/lib/python/site-packages/numpy/_core/arrayprint.py,1052,388,2
/Users/elifohri/Library/Python/3.9/lib/python/site-packages/numpy/_core/arrayprint.py,582,385,2
/Users/elifohri/Library/Python/3.9/lib/python/site-packages/matplotlib/font_manager.py,844,384,16
/Users/elifohri/Library/Python/3.9/lib/python/site-packages/matplotlib/lines.py,380,384,8
/Library/Developer/CommandLineTools/Library/Frameworks/Python3.framework/Versions/3.9/lib/python3.9/weakref.py,54,384,4
/Users/elifohri/Library/Python/3.9/lib/python/site-packages/pandas/io/formats/string.py,119,378,2
/Users/elifohri/Library/Python/3.9/lib/python/site-packages/pandas/io/formats/format.py,1343,374,2
/Users/elifohri/Library/Python/3.9/lib/python/site-packages/numpy/_core/arrayprint.py,779,372,2
/Users/elifohri/Library/Python/3.9/lib/python/site-packages/IPython/core/history.py,796,370,7
/Library/Developer/CommandLineTools/Library/Frameworks/Python3.framework/Versions/3.9/lib/python3.9/threading.py,247,368,2
/Users/elifohri/Library/Python/3.9/lib/python/site-packages/pandas/core/base.py,1371,366,2
/Users/elifohri/Library/Python/3.9/lib/python/site-packages/pandas/io/formats/format.py,837,360,2
/Users/elifohri/Library/Python/3.9/lib/python/site-packages/pandas/core/internals/base.py,397,360,2
/Users/elifohri/Documents/mobile-env/mobile_env/core/base.py,403,360,2
/Users/elifohri/Library/Python/3.9/lib/python/site-packages/pandas/core/apply.py,1643,353,2
/Users/elifohri/Library/Python/3.9/lib/python/site-packages/matplotlib/ticker.py,2167,352,4
/Users/elifohri/Library/Python/3.9/lib/python/site-packages/matplotlib/ticker.py,2055,352,4
/Users/elifohri/Library/Python/3.9/lib/python/site-packages/pandas/core/internals/managers.py,1412,351,2
/Users/elifohri/Library/Python/3.9/lib/python/site-packages/pandas/core/internals/blocks.py,2713,344,4
/Users/elifohri/Library/Python/3.9/lib/python/site-packages/pandas/core/internals/managers.py,1707,340,2
/Users/elifohri/Library/Python/3.9/lib/python/site-packages/matplotlib/axis.py,137,336,14
/Users/elifohri/Library/Python/3.9/lib/python/site-packages/pandas/core/internals/managers.py,1847,336,8
/Users/elifohri/Library/Python/3.9/lib/python/site-packages/matplotlib/markers.py,254,336,7
/Users/elifohri/Library/Python/3.9/lib/python/site-packages/matplotlib/axis.py,199,336,6
/Library/Developer/CommandLineTools/Library/Frameworks/Python3.framework/Versions/3.9/lib/python3.9/weakref.py,376,336,6
/Users/elifohri/Library/Python/3.9/lib/python/site-packages/pandas/core/dtypes/cast.py,1599,336,4
/Users/elifohri/Library/Python/3.9/lib/python/site-packages/numpy/_core/fromnumeric.py,57,336,2
/Users/elifohri/Library/Python/3.9/lib/python/site-packages/matplotlib/cbook.py,1834,336,2
/Users/elifohri/Library/Python/3.9/lib/python/site-packages/matplotlib/cbook.py,226,336,2
/Users/elifohri/Library/Python/3.9/lib/python/site-packages/matplotlib/cbook.py,224,336,2
/Users/elifohri/Library/Python/3.9/lib/python/site-packages/matplotlib/backend_bases.py,1575,336,2
/Users/elifohri/Library/Python/3.9/lib/python/site-packages/numpy/_core/_methods.py,76,326,2
/Users/elifohri/Library/Python/3.9/lib/python/site-packages/pandas/core/frame.py,4514,321,2
/Users/elifohri/Library/Python/3.9/lib/python/site-packages/tornado/queues.py,248,320,2
/Users/elifohri/Library/Python/3.9/lib/python/site-packages/pandas/io/formats/format.py,745,320,2
/Library/Developer/CommandLineTools/Library/Frameworks/Python3.framework/Versions/3.9/lib/python3.9/asyncio/base_events.py,424,320,2
/Users/elifohri/Library/Python/3.9/lib/python/site-packages/pandas/core/series.py,1220,318,2
/Users/elifohri/Documents/mobile-env/mobile_env/core/base.py,208,318,2
/Users/elifohri/Library/Python/3.9/lib/python/site-packages/matplotlib/axes/_base.py,224,304,4
/Users/elifohri/Library/Python/3.9/lib/python/site-packages/pandas/core/series.py,607,298,2
/Users/elifohri/Library/Python/3.9/lib/python/site-packages/jupyter_client/session.py,1085,296,1
/Users/elifohri/Library/Python/3.9/lib/python/site-packages/ipykernel/kernelbase.py,770,296,1
/Users/elifohri/Library/Python/3.9/lib/python/site-packages/pandas/core/generic.py,12459,295,2
/Users/elifohri/Library/Python/3.9/lib/python/site-packages/pandas/core/ops/array_ops.py,240,293,2
/Users/elifohri/Library/Python/3.9/lib/python/site-packages/matplotlib/text.py,1228,288,12
/Users/elifohri/Library/Python/3.9/lib/python/site-packages/pandas/core/flags.py,53,288,4
/Users/elifohri/Library/Python/3.9/lib/python/site-packages/matplotlib/ticker.py,2077,288,4
/Users/elifohri/Library/Python/3.9/lib/python/site-packages/pandas/core/indexers/utils.py,239,288,2
/Users/elifohri/Library/Python/3.9/lib/python/site-packages/pandas/core/nanops.py,455,286,2
/Users/elifohri/Library/Python/3.9/lib/python/site-packages/pandas/core/internals/managers.py,2215,280,5
/Users/elifohri/Documents/mobile-env/mobile_env/core/movement.py,81,280,5
/Users/elifohri/Documents/mobile-env/mobile_env/core/base.py,817,280,5
/Users/elifohri/Library/Python/3.9/lib/python/site-packages/pandas/io/formats/printing.py,525,280,3
/Users/elifohri/Library/Python/3.9/lib/python/site-packages/numpy/_core/_methods.py,108,280,3
/Users/elifohri/Library/Python/3.9/lib/python/site-packages/pandas/core/nanops.py,111,277,2
/Users/elifohri/Library/Python/3.9/lib/python/site-packages/pandas/core/indexes/base.py,5295,277,2
/Users/elifohri/Library/Python/3.9/lib/python/site-packages/IPython/core/interactiveshell.py,3480,272,6
/Users/elifohri/Library/Python/3.9/lib/python/site-packages/matplotlib/ticker.py,2041,272,4
/Users/elifohri/Library/Python/3.9/lib/python/site-packages/pandas/core/indexes/range.py,421,270,2
/Users/elifohri/Library/Python/3.9/lib/python/site-packages/pandas/core/nanops.py,76,267,2
/Users/elifohri/Library/Python/3.9/lib/python/site-packages/pandas/core/indexes/base.py,1768,267,2
/Users/elifohri/Library/Python/3.9/lib/python/site-packages/pandas/io/formats/format.py,531,266,2
/Users/elifohri/Library/Python/3.9/lib/python/site-packages/pandas/core/frame.py,12675,265,2
/Users/elifohri/Library/Python/3.9/lib/python/site-packages/pandas/core/series.py,2691,264,2
/Users/elifohri/Library/Python/3.9/lib/python/site-packages/pandas/io/formats/format.py,686,261,2
/Users/elifohri/Library/Python/3.9/lib/python/site-packages/numpy/_core/fromnumeric.py,3476,258,2
/Users/elifohri/Library/Python/3.9/lib/python/site-packages/IPython/core/interactiveshell.py,3473,256,5
/Users/elifohri/Library/Python/3.9/lib/python/site-packages/pandas/core/generic.py,282,256,4
/Users/elifohri/Library/Python/3.9/lib/python/site-packages/pandas/core/generic.py,281,256,4
/Users/elifohri/Library/Python/3.9/lib/python/site-packages/matplotlib/backends/backend_agg.py,226,256,4
/Library/Developer/CommandLineTools/Library/Frameworks/Python3.framework/Versions/3.9/lib/python3.9/asyncio/events.py,33,256,4
/Users/elifohri/Library/Python/3.9/lib/python/site-packages/matplotlib/axis.py,1671,256,2
/var/folders/gk/qhk8w9w54t73z8lpmqkd7m280000gn/T/ipykernel_7461/173496355.py,29,256,1
/Users/elifohri/Library/Python/3.9/lib/python/site-packages/pandas/core/common.py,301,247,2
/Users/elifohri/Documents/mobile-env/mobile_env/core/movement.py,53,245,2
/Users/elifohri/Library/Python/3.9/lib/python/site-packages/pandas/core/apply.py,1070,242,2
/Users/elifohri/Documents/mobile-env/mobile_env/core/movement.py,74,240,10
/Users/elifohri/Library/Python/3.9/lib/python/site-packages/pandas/core/internals/managers.py,1020,240,5
/Users/elifohri/Library/Python/3.9/lib/python/site-packages/matplotlib/transforms.py,2344,240,5
/Users/elifohri/Library/Python/3.9/lib/python/site-packages/decorator.py,232,240,4
/Users/elifohri/Library/Python/3.9/lib/python/site-packages/IPython/core/interactiveshell.py,3077,240,4
/Users/elifohri/Library/Python/3.9/lib/python/site-packages/pandas/core/indexes/base.py,1448,239,2
/Users/elifohri/Library/Python/3.9/lib/python/site-packages/pandas/core/indexes/range.py,268,234,2
/Users/elifohri/Library/Python/3.9/lib/python/site-packages/ipykernel/zmqshell.py,549,232,4
/Users/elifohri/Library/Python/3.9/lib/python/site-packages/matplotlib/cbook.py,2109,232,3
/Users/elifohri/Library/Python/3.9/lib/python/site-packages/zmq/sugar/socket.py,802,232,2
/Users/elifohri/Library/Python/3.9/lib/python/site-packages/pandas/core/nanops.py,187,232,2
/Users/elifohri/Library/Python/3.9/lib/python/site-packages/matplotlib/gridspec.py,355,232,2
/Users/elifohri/Library/Python/3.9/lib/python/site-packages/matplotlib/font_manager.py,1294,232,2
/Users/elifohri/Library/Python/3.9/lib/python/site-packages/pandas/core/nanops.py,324,231,2
/Users/elifohri/Library/Python/3.9/lib/python/site-packages/pandas/io/formats/format.py,351,230,2
/Users/elifohri/Library/Python/3.9/lib/python/site-packages/pandas/core/internals/blocks.py,414,227,2
/Users/elifohri/Library/Python/3.9/lib/python/site-packages/numpy/_core/arrayprint.py,544,227,2
/Users/elifohri/Library/Python/3.9/lib/python/site-packages/numpy/_core/numeric.py,361,224,14
/Users/elifohri/Library/Python/3.9/lib/python/site-packages/pandas/core/internals/managers.py,2270,224,4
/Library/Developer/CommandLineTools/Library/Frameworks/Python3.framework/Versions/3.9/lib/python3.9/tokenize.py,608,224,4
/Library/Developer/CommandLineTools/Library/Frameworks/Python3.framework/Versions/3.9/lib/python3.9/tokenize.py,509,224,4
/Users/elifohri/Library/Python/3.9/lib/python/site-packages/matplotlib/backend_bases.py,2668,224,3
/Users/elifohri/Documents/mobile-env/mobile_env/core/schedules.py,100,223,2
/Users/elifohri/Documents/mobile-env/mobile_env/handlers/smart_city_handler.py,50,218,2
/Users/elifohri/Library/Python/3.9/lib/python/site-packages/matplotlib/axes/_base.py,1068,216,6
/Users/elifohri/Library/Python/3.9/lib/python/site-packages/matplotlib/axes/_base.py,1042,216,6
/Users/elifohri/Library/Python/3.9/lib/python/site-packages/matplotlib/axes/_base.py,988,216,6
/Users/elifohri/Library/Python/3.9/lib/python/site-packages/matplotlib/axes/_base.py,962,216,6
/Users/elifohri/Library/Python/3.9/lib/python/site-packages/IPython/core/compilerop.py,171,216,3
/Users/elifohri/Documents/mobile-env/mobile_env/core/base.py,735,216,2
/Users/elifohri/Library/Python/3.9/lib/python/site-packages/pandas/core/nanops.py,604,215,2
/Users/elifohri/Documents/mobile-env/mobile_env/handlers/smart_city_handler.py,34,210,2
/Users/elifohri/Library/Python/3.9/lib/python/site-packages/pandas/core/indexes/range.py,209,208,4
/Users/elifohri/Library/Python/3.9/lib/python/site-packages/pandas/core/indexes/base.py,662,208,4
/Users/elifohri/Library/Python/3.9/lib/python/site-packages/matplotlib/mathtext.py,58,208,4
/Users/elifohri/Library/Python/3.9/lib/python/site-packages/matplotlib/axes/_base.py,217,208,4
/Users/elifohri/Library/Python/3.9/lib/python/site-packages/IPython/core/interactiveshell.py,246,208,4
/Library/Developer/CommandLineTools/Library/Frameworks/Python3.framework/Versions/3.9/lib/python3.9/tracemalloc.py,315,208,4
/Users/elifohri/Library/Python/3.9/lib/python/site-packages/pandas/core/indexes/range.py,244,208,2
/Library/Developer/CommandLineTools/Library/Frameworks/Python3.framework/Versions/3.9/lib/python3.9/weakref.py,62,208,2
/Library/Developer/CommandLineTools/Library/Frameworks/Python3.framework/Versions/3.9/lib/python3.9/asyncio/futures.py,391,208,2
/Library/Developer/CommandLineTools/Library/Frameworks/Python3.framework/Versions/3.9/lib/python3.9/asyncio/futures.py,413,200,5
/Users/elifohri/Library/Python/3.9/lib/python/site-packages/pandas/util/_validators.py,226,199,2
/Users/elifohri/Library/Python/3.9/lib/python/site-packages/pandas/_config/config.py,471,198,2
/Users/elifohri/Library/Python/3.9/lib/python/site-packages/pandas/io/formats/format.py,1397,196,2
/Users/elifohri/Library/Python/3.9/lib/python/site-packages/matplotlib/axis.py,1548,194,4
/Users/elifohri/Library/Python/3.9/lib/python/site-packages/matplotlib/backends/backend_agg.py,225,192,8
/Users/elifohri/Library/Python/3.9/lib/python/site-packages/pandas/core/generic.py,356,192,4
/Users/elifohri/Library/Python/3.9/lib/python/site-packages/pandas/core/generic.py,283,192,4
/Users/elifohri/Library/Python/3.9/lib/python/site-packages/matplotlib/spines.py,446,192,4
/Users/elifohri/Library/Python/3.9/lib/python/site-packages/matplotlib/spines.py,86,192,4
/Users/elifohri/Library/Python/3.9/lib/python/site-packages/jupyter_client/jsonutil.py,73,192,3
/Library/Developer/CommandLineTools/Library/Frameworks/Python3.framework/Versions/3.9/lib/python3.9/concurrent/futures/_base.py,319,192,3
/Users/elifohri/Library/Python/3.9/lib/python/site-packages/pandas/core/internals/blocks.py,1260,192,2
/Users/elifohri/Library/Python/3.9/lib/python/site-packages/pandas/core/generic.py,4757,190,2
/Users/elifohri/Library/Python/3.9/lib/python/site-packages/pandas/util/_decorators.py,325,188,2
/Users/elifohri/Library/Python/3.9/lib/python/site-packages/pandas/core/indexes/base.py,7031,187,2
/Users/elifohri/Library/Python/3.9/lib/python/site-packages/pandas/core/apply.py,1102,187,2
/Users/elifohri/Library/Python/3.9/lib/python/site-packages/pandas/core/nanops.py,389,185,2
/Users/elifohri/Documents/mobile-env/mobile_env/core/logger.py,89,185,2
/Users/elifohri/Documents/mobile-env/mobile_env/core/logger.py,68,185,2
/Users/elifohri/Library/Python/3.9/lib/python/site-packages/zmq/eventloop/zmqstream.py,694,184,2
/Users/elifohri/Library/Python/3.9/lib/python/site-packages/pandas/io/formats/printing.py,60,184,2
/Users/elifohri/Library/Python/3.9/lib/python/site-packages/pandas/io/formats/printing.py,59,184,2
/Users/elifohri/Library/Python/3.9/lib/python/site-packages/matplotlib/figure.py,3237,184,2
/Users/elifohri/Library/Python/3.9/lib/python/site-packages/matplotlib/backends/backend_agg.py,131,178,3
/Users/elifohri/Library/Python/3.9/lib/python/site-packages/ipykernel/ipkernel.py,449,176,3
/Users/elifohri/Library/Python/3.9/lib/python/site-packages/IPython/core/interactiveshell.py,3196,176,3
/Users/elifohri/Library/Python/3.9/lib/python/site-packages/numpy/_core/arrayprint.py,1652,172,2
/Users/elifohri/Library/Python/3.9/lib/python/site-packages/numpy/_core/arrayprint.py,765,172,2
/Users/elifohri/Documents/mobile-env/mobile_env/core/base.py,557,171,2
/Users/elifohri/Library/Python/3.9/lib/python/site-packages/pandas/core/internals/managers.py,2305,168,3
/Users/elifohri/Library/Python/3.9/lib/python/site-packages/matplotlib/text.py,1010,168,3
/Users/elifohri/Library/Python/3.9/lib/python/site-packages/matplotlib/patches.py,439,168,3
/Users/elifohri/Library/Python/3.9/lib/python/site-packages/matplotlib/figure.py,80,168,3
/Users/elifohri/Library/Python/3.9/lib/python/site-packages/matplotlib/colors.py,307,168,3
/Users/elifohri/Library/Python/3.9/lib/python/site-packages/pandas/io/formats/string.py,189,168,2
/Users/elifohri/Library/Python/3.9/lib/python/site-packages/pandas/core/internals/managers.py,705,168,2
/Users/elifohri/Library/Python/3.9/lib/python/site-packages/pandas/core/internals/managers.py,704,168,2
/Users/elifohri/Library/Python/3.9/lib/python/site-packages/pandas/core/internals/managers.py,601,168,2
/Users/elifohri/Library/Python/3.9/lib/python/site-packages/pandas/core/internals/managers.py,600,168,2
/Users/elifohri/Library/Python/3.9/lib/python/site-packages/matplotlib/transforms.py,2671,168,2
/Users/elifohri/Documents/mobile-env/mobile_env/core/base.py,536,168,2
/Library/Developer/CommandLineTools/Library/Frameworks/Python3.framework/Versions/3.9/lib/python3.9/threading.py,93,168,2
/Users/elifohri/Library/Python/3.9/lib/python/site-packages/pandas/core/dtypes/missing.py,313,168,1
/Users/elifohri/Library/Python/3.9/lib/python/site-packages/numpy/_core/fromnumeric.py,1200,168,1
/Users/elifohri/Library/Python/3.9/lib/python/site-packages/matplotlib/cbook.py,1845,168,1
/Users/elifohri/Library/Python/3.9/lib/python/site-packages/matplotlib/cbook.py,218,168,1
/Users/elifohri/Library/Python/3.9/lib/python/site-packages/matplotlib/backend_bases.py,2157,168,1
/Users/elifohri/Library/Python/3.9/lib/python/site-packages/matplotlib/backend_bases.py,2153,168,1
/Users/elifohri/Library/Python/3.9/lib/python/site-packages/matplotlib/backend_bases.py,2149,168,1
/Users/elifohri/Library/Python/3.9/lib/python/site-packages/matplotlib/backend_bases.py,2054,168,1
/Users/elifohri/Library/Python/3.9/lib/python/site-packages/matplotlib/backend_bases.py,1588,168,1
/Users/elifohri/Library/Python/3.9/lib/python/site-packages/matplotlib/backend_bases.py,881,168,1
/Users/elifohri/Library/Python/3.9/lib/python/site-packages/matplotlib/axis.py,1118,168,1
/Users/elifohri/Library/Python/3.9/lib/python/site-packages/matplotlib/axis.py,1004,168,1
/Users/elifohri/Library/Python/3.9/lib/python/site-packages/matplotlib/axis.py,983,168,1
/Users/elifohri/Library/Python/3.9/lib/python/site-packages/matplotlib/axis.py,456,168,1
/Users/elifohri/Library/Python/3.9/lib/python/site-packages/matplotlib/axis.py,395,168,1
/Users/elifohri/Library/Python/3.9/lib/python/site-packages/matplotlib/axes/_base.py,3464,168,1
/Users/elifohri/Library/Python/3.9/lib/python/site-packages/matplotlib/axes/_base.py,557,168,1
/Users/elifohri/Library/Python/3.9/lib/python/site-packages/matplotlib/artist.py,1233,168,1
/Users/elifohri/Library/Python/3.9/lib/python/site-packages/matplotlib/_api/__init__.py,85,168,1
/Users/elifohri/Library/Python/3.9/lib/python/site-packages/IPython/core/formatters.py,340,168,1
/Users/elifohri/Documents/mobile-env/mobile_env/core/base.py,481,168,1
/Users/elifohri/Library/Python/3.9/lib/python/site-packages/pandas/core/series.py,6418,166,2
/Users/elifohri/Library/Python/3.9/lib/python/site-packages/pandas/core/ops/array_ops.py,594,166,2
/Users/elifohri/Library/Python/3.9/lib/python/site-packages/numpy/_core/arrayprint.py,939,166,2
/Users/elifohri/Library/Python/3.9/lib/python/site-packages/pandas/core/nanops.py,1083,165,2
/Users/elifohri/Library/Python/3.9/lib/python/site-packages/pandas/io/formats/format.py,817,163,2
/Users/elifohri/Documents/mobile-env/mobile_env/handlers/smart_city_handler.py,231,161,2
/Users/elifohri/Library/Python/3.9/lib/python/site-packages/matplotlib/ticker.py,2164,160,10
/Users/elifohri/Library/Python/3.9/lib/python/site-packages/matplotlib/cbook.py,115,160,4
/Users/elifohri/Library/Python/3.9/lib/python/site-packages/matplotlib/axes/_base.py,2488,160,4
/Users/elifohri/Library/Python/3.9/lib/python/site-packages/ipykernel/kernelbase.py,775,160,2
/Library/Developer/CommandLineTools/Library/Frameworks/Python3.framework/Versions/3.9/lib/python3.9/warnings.py,163,160,2
/Users/elifohri/Library/Python/3.9/lib/python/site-packages/pandas/core/frame.py,1376,160,1
/Users/elifohri/Library/Python/3.9/lib/python/site-packages/pandas/io/formats/string.py,89,158,2
/Users/elifohri/Library/Python/3.9/lib/python/site-packages/pandas/io/formats/console.py,79,154,2
/Library/Developer/CommandLineTools/Library/Frameworks/Python3.framework/Versions/3.9/lib/python3.9/tracemalloc.py,203,154,2
/Users/elifohri/Library/Python/3.9/lib/python/site-packages/matplotlib/textpath.py,27,152,3
/Users/elifohri/Library/Python/3.9/lib/python/site-packages/pandas/io/formats/console.py,9,149,2
/Users/elifohri/Library/Python/3.9/lib/python/site-packages/pandas/core/apply.py,82,145,2
/Users/elifohri/Library/Python/3.9/lib/python/site-packages/pandas/core/dtypes/cast.py,138,144,4
/Users/elifohri/Library/Python/3.9/lib/python/site-packages/matplotlib/markers.py,777,144,3
/Users/elifohri/Library/Python/3.9/lib/python/site-packages/matplotlib/markers.py,771,144,3
/Users/elifohri/Library/Python/3.9/lib/python/site-packages/matplotlib/markers.py,763,144,3
/Users/elifohri/Library/Python/3.9/lib/python/site-packages/matplotlib/markers.py,757,144,3
/Users/elifohri/Library/Python/3.9/lib/python/site-packages/matplotlib/cbook.py,852,144,3
/Users/elifohri/Library/Python/3.9/lib/python/site-packages/IPython/core/interactiveshell.py,283,144,3
/Users/elifohri/Library/Python/3.9/lib/python/site-packages/pandas/core/frame.py,4481,144,2
/Users/elifohri/Library/Python/3.9/lib/python/site-packages/matplotlib/text.py,70,144,2
/Users/elifohri/Library/Python/3.9/lib/python/site-packages/matplotlib/gridspec.py,763,144,2
/Users/elifohri/Library/Python/3.9/lib/python/site-packages/matplotlib/backend_bases.py,2637,144,2
/Users/elifohri/Library/Python/3.9/lib/python/site-packages/ipykernel/iostream.py,722,144,2
/Library/Developer/CommandLineTools/Library/Frameworks/Python3.framework/Versions/3.9/lib/python3.9/weakref.py,66,144,2
/Library/Developer/CommandLineTools/Library/Frameworks/Python3.framework/Versions/3.9/lib/python3.9/weakref.py,63,144,2
/Library/Developer/CommandLineTools/Library/Frameworks/Python3.framework/Versions/3.9/lib/python3.9/abc.py,123,144,2
/Users/elifohri/Documents/mobile-env/mobile_env/core/data_process.py,86,143,2
/Users/elifohri/Library/Python/3.9/lib/python/site-packages/pandas/_config/config.py,886,142,2
/Users/elifohri/Library/Python/3.9/lib/python/site-packages/matplotlib/backend_bases.py,2681,136,3
/Users/elifohri/Library/Python/3.9/lib/python/site-packages/ipykernel/kernelbase.py,570,136,1
/Users/elifohri/Library/Python/3.9/lib/python/site-packages/IPython/core/interactiveshell.py,3466,136,1
/Users/elifohri/Library/Python/3.9/lib/python/site-packages/IPython/core/interactiveshell.py,3210,136,1
/Library/Developer/CommandLineTools/Library/Frameworks/Python3.framework/Versions/3.9/lib/python3.9/asyncio/futures.py,384,136,1
/Library/Developer/CommandLineTools/Library/Frameworks/Python3.framework/Versions/3.9/lib/python3.9/asyncio/futures.py,378,136,1
/Users/elifohri/Library/Python/3.9/lib/python/site-packages/pandas/core/series.py,6123,135,2
/Users/elifohri/Library/Python/3.9/lib/python/site-packages/pandas/core/indexes/base.py,674,132,2
/Users/elifohri/Library/Python/3.9/lib/python/site-packages/numpy/_core/arrayprint.py,432,130,3
/Users/elifohri/Library/Python/3.9/lib/python/site-packages/pandas/core/internals/blocks.py,796,128,4
/Users/elifohri/Library/Python/3.9/lib/python/site-packages/pandas/core/internals/managers.py,2006,128,2
/Users/elifohri/Library/Python/3.9/lib/python/site-packages/pandas/core/indexes/range.py,211,128,2
/Users/elifohri/Library/Python/3.9/lib/python/site-packages/pandas/core/indexes/base.py,664,128,2
/Users/elifohri/Library/Python/3.9/lib/python/site-packages/matplotlib/cbook.py,220,128,2
/Users/elifohri/Library/Python/3.9/lib/python/site-packages/matplotlib/axis.py,678,128,2
/Users/elifohri/Library/Python/3.9/lib/python/site-packages/matplotlib/axis.py,677,128,2
/Library/Developer/CommandLineTools/Library/Frameworks/Python3.framework/Versions/3.9/lib/python3.9/re.py,312,128,2
/Users/elifohri/Library/Python/3.9/lib/python/site-packages/numpy/_core/arrayprint.py,560,128,1
/Users/elifohri/Library/Python/3.9/lib/python/site-packages/numpy/_core/arrayprint.py,479,128,1
/Users/elifohri/Library/Python/3.9/lib/python/site-packages/pandas/io/formats/format.py,1349,126,2
/Users/elifohri/Library/Python/3.9/lib/python/site-packages/pandas/io/formats/format.py,425,126,2
/Users/elifohri/Library/Python/3.9/lib/python/site-packages/pandas/core/frame.py,1310,125,2
/Users/elifohri/Documents/mobile-env/mobile_env/core/base.py,485,123,2
/Users/elifohri/Library/Python/3.9/lib/python/site-packages/pandas/_config/config.py,899,121,2
/Users/elifohri/Documents/mobile-env/mobile_env/core/movement.py,80,120,5
/Users/elifohri/Documents/mobile-env/mobile_env/core/movement.py,79,120,5
/Users/elifohri/Documents/mobile-env/mobile_env/core/movement.py,58,120,5
/Users/elifohri/Documents/mobile-env/mobile_env/core/movement.py,57,120,5
/Users/elifohri/Library/Python/3.9/lib/python/site-packages/IPython/core/history.py,60,120,2
/Users/elifohri/Documents/mobile-env/mobile_env/core/base.py,725,120,2
/Users/elifohri/Library/Python/3.9/lib/python/site-packages/ipykernel/kernelbase.py,545,120,1
/Users/elifohri/Library/Python/3.9/lib/python/site-packages/ipykernel/kernelbase.py,534,120,1
/Users/elifohri/Library/Python/3.9/lib/python/site-packages/ipykernel/kernelbase.py,435,120,1
/Users/elifohri/Library/Python/3.9/lib/python/site-packages/ipykernel/ipkernel.py,362,120,1
/Users/elifohri/Library/Python/3.9/lib/python/site-packages/ipykernel/iostream.py,121,120,1
/Users/elifohri/Library/Python/3.9/lib/python/site-packages/IPython/core/interactiveshell.py,3490,120,1
/Users/elifohri/Library/Python/3.9/lib/python/site-packages/IPython/core/interactiveshell.py,3308,120,1
/Users/elifohri/Library/Python/3.9/lib/python/site-packages/pandas/io/formats/format.py,836,119,2
/Users/elifohri/Library/Python/3.9/lib/python/site-packages/pandas/core/series.py,664,119,2
/Users/elifohri/Library/Python/3.9/lib/python/site-packages/pandas/core/internals/managers.py,2065,116,2
/Users/elifohri/Library/Python/3.9/lib/python/site-packages/pandas/compat/numpy/function.py,413,116,2
/Users/elifohri/Library/Python/3.9/lib/python/site-packages/jupyter_client/jsonutil.py,111,116,2
/Users/elifohri/Library/Python/3.9/lib/python/site-packages/pandas/core/dtypes/inference.py,273,115,2
/Users/elifohri/Library/Python/3.9/lib/python/site-packages/pandas/io/formats/format.py,1841,114,2
/Users/elifohri/Documents/mobile-env/mobile_env/core/base.py,819,113,2
/Users/elifohri/Documents/mobile-env/mobile_env/core/base.py,802,113,2
/Library/Developer/CommandLineTools/Library/Frameworks/Python3.framework/Versions/3.9/lib/python3.9/tracemalloc.py,187,113,2
/Library/Developer/CommandLineTools/Library/Frameworks/Python3.framework/Versions/3.9/lib/python3.9/fnmatch.py,25,113,2
/Users/elifohri/Library/Python/3.9/lib/python/site-packages/zmq/sugar/poll.py,50,112,2
/Users/elifohri/Library/Python/3.9/lib/python/site-packages/pandas/core/series.py,1478,112,2
/Users/elifohri/Library/Python/3.9/lib/python/site-packages/pandas/core/internals/managers.py,2267,112,2
/Users/elifohri/Library/Python/3.9/lib/python/site-packages/matplotlib/transforms.py,792,112,2
/Users/elifohri/Library/Python/3.9/lib/python/site-packages/matplotlib/spines.py,550,112,2
/Users/elifohri/Library/Python/3.9/lib/python/site-packages/matplotlib/axis.py,576,112,2
/Users/elifohri/Library/Python/3.9/lib/python/site-packages/matplotlib/axis.py,571,112,2
/Users/elifohri/Library/Python/3.9/lib/python/site-packages/matplotlib/axes/_base.py,1371,112,2
/Users/elifohri/Library/Python/3.9/lib/python/site-packages/matplotlib/artist.py,1180,112,2
/Library/Developer/CommandLineTools/Library/Frameworks/Python3.framework/Versions/3.9/lib/python3.9/tokenize.py,609,112,2
/Library/Developer/CommandLineTools/Library/Frameworks/Python3.framework/Versions/3.9/lib/python3.9/tokenize.py,504,112,2
/Library/Developer/CommandLineTools/Library/Frameworks/Python3.framework/Versions/3.9/lib/python3.9/selectors.py,560,112,2
/Library/Developer/CommandLineTools/Library/Frameworks/Python3.framework/Versions/3.9/lib/python3.9/fnmatch.py,76,112,2
/Library/Developer/CommandLineTools/Library/Frameworks/Python3.framework/Versions/3.9/lib/python3.9/json/encoder.py,248,112,1
/Library/Developer/CommandLineTools/Library/Frameworks/Python3.framework/Versions/3.9/lib/python3.9/asyncio/base_events.py,729,112,1
/Users/elifohri/Library/Python/3.9/lib/python/site-packages/jupyter_client/session.py,989,111,2
/Users/elifohri/Documents/mobile-env/mobile_env/core/metrics.py,17,111,2
/Users/elifohri/Documents/mobile-env/mobile_env/core/metrics.py,13,111,2
/Users/elifohri/Library/Python/3.9/lib/python/site-packages/pandas/core/nanops.py,336,110,2
/Library/Developer/CommandLineTools/Library/Frameworks/Python3.framework/Versions/3.9/lib/python3.9/tracemalloc.py,220,109,2
/Library/Developer/CommandLineTools/Library/Frameworks/Python3.framework/Versions/3.9/lib/python3.9/tracemalloc.py,215,109,2
/Users/elifohri/Library/Python/3.9/lib/python/site-packages/numpy/_core/arrayprint.py,527,108,2
/Users/elifohri/Library/Python/3.9/lib/python/site-packages/matplotlib/ticker.py,832,108,2
/Users/elifohri/Library/Python/3.9/lib/python/site-packages/pandas/core/indexes/base.py,1425,106,2
/Users/elifohri/Library/Python/3.9/lib/python/site-packages/zmq/utils/garbage.py,46,105,2
/Users/elifohri/Library/Python/3.9/lib/python/site-packages/pandas/core/dtypes/common.py,1342,104,2
/Users/elifohri/Library/Python/3.9/lib/python/site-packages/matplotlib/widgets.py,39,104,2
/Users/elifohri/Library/Python/3.9/lib/python/site-packages/matplotlib/spines.py,546,104,2
/Users/elifohri/Library/Python/3.9/lib/python/site-packages/matplotlib/gridspec.py,542,104,2
/Library/Developer/CommandLineTools/Library/Frameworks/Python3.framework/Versions/3.9/lib/python3.9/inspect.py,1843,104,1
/Users/elifohri/Library/Python/3.9/lib/python/site-packages/pandas/io/formats/format.py,1275,100,2
/Users/elifohri/Library/Python/3.9/lib/python/site-packages/pandas/core/indexing.py,1696,99,2
/Users/elifohri/Documents/mobile-env/mobile_env/handlers/smart_city_handler.py,119,98,2
/Users/elifohri/Documents/mobile-env/mobile_env/core/logger.py,56,98,2
/Users/elifohri/Documents/mobile-env/mobile_env/core/logger.py,44,98,2
/Users/elifohri/Documents/mobile-env/mobile_env/core/job_generator.py,117,98,2
/Users/elifohri/Library/Python/3.9/lib/python/site-packages/pandas/io/formats/console.py,54,97,2
/Users/elifohri/Library/Python/3.9/lib/python/site-packages/pandas/core/apply.py,773,97,2
/Users/elifohri/Library/Python/3.9/lib/python/site-packages/matplotlib/backends/backend_agg.py,223,96,4
/Users/elifohri/Library/Python/3.9/lib/python/site-packages/matplotlib/transforms.py,1502,96,3
/Users/elifohri/Library/Python/3.9/lib/python/site-packages/tornado/concurrent.py,193,96,2
/Users/elifohri/Library/Python/3.9/lib/python/site-packages/pandas/core/internals/managers.py,1848,96,2
/Users/elifohri/Library/Python/3.9/lib/python/site-packages/pandas/core/internals/managers.py,1024,96,2
/Users/elifohri/Library/Python/3.9/lib/python/site-packages/pandas/core/indexes/range.py,205,96,2
/Users/elifohri/Library/Python/3.9/lib/python/site-packages/pandas/core/indexes/base.py,669,96,2
/Users/elifohri/Library/Python/3.9/lib/python/site-packages/pandas/core/indexes/base.py,661,96,2
/Users/elifohri/Library/Python/3.9/lib/python/site-packages/pandas/core/generic.py,12362,96,2
/Users/elifohri/Library/Python/3.9/lib/python/site-packages/matplotlib/transforms.py,2345,96,2
/Users/elifohri/Library/Python/3.9/lib/python/site-packages/matplotlib/transforms.py,2276,96,2
/Users/elifohri/Library/Python/3.9/lib/python/site-packages/matplotlib/scale.py,717,96,2
/Users/elifohri/Library/Python/3.9/lib/python/site-packages/matplotlib/scale.py,120,96,2
/Users/elifohri/Library/Python/3.9/lib/python/site-packages/matplotlib/scale.py,113,96,2
/Users/elifohri/Library/Python/3.9/lib/python/site-packages/matplotlib/scale.py,107,96,2
/Users/elifohri/Library/Python/3.9/lib/python/site-packages/matplotlib/scale.py,106,96,2
/Users/elifohri/Library/Python/3.9/lib/python/site-packages/matplotlib/scale.py,105,96,2
/Users/elifohri/Library/Python/3.9/lib/python/site-packages/matplotlib/axis.py,897,96,2
/Users/elifohri/Library/Python/3.9/lib/python/site-packages/matplotlib/axis.py,669,96,2
/Users/elifohri/Library/Python/3.9/lib/python/site-packages/matplotlib/axis.py,662,96,2
/Users/elifohri/Library/Python/3.9/lib/python/site-packages/matplotlib/axis.py,657,96,2
/Users/elifohri/Library/Python/3.9/lib/python/site-packages/matplotlib/axis.py,656,96,2
/Users/elifohri/Library/Python/3.9/lib/python/site-packages/dateutil/parser/isoparser.py,146,96,2
/Users/elifohri/Library/Python/3.9/lib/python/site-packages/IPython/core/interactiveshell.py,3197,96,2
/Users/elifohri/Library/Python/3.9/lib/python/site-packages/IPython/core/history.py,784,96,2
/Users/elifohri/Documents/mobile-env/mobile_env/core/monitoring.py,114,96,2
/Library/Developer/CommandLineTools/Library/Frameworks/Python3.framework/Versions/3.9/lib/python3.9/tracemalloc.py,441,96,2
/Library/Developer/CommandLineTools/Library/Frameworks/Python3.framework/Versions/3.9/lib/python3.9/enum.py,680,96,2
/Library/Developer/CommandLineTools/Library/Frameworks/Python3.framework/Versions/3.9/lib/python3.9/asyncio/base_events.py,1874,96,2
/Users/elifohri/Library/Python/3.9/lib/python/site-packages/matplotlib/backends/backend_agg.py,70,96,1
/Library/Developer/CommandLineTools/Library/Frameworks/Python3.framework/Versions/3.9/lib/python3.9/threading.py,250,96,1
/Library/Developer/CommandLineTools/Library/Frameworks/Python3.framework/Versions/3.9/lib/python3.9/selectors.py,562,96,1
/Library/Developer/CommandLineTools/Library/Frameworks/Python3.framework/Versions/3.9/lib/python3.9/inspect.py,1852,96,1
/Library/Developer/CommandLineTools/Library/Frameworks/Python3.framework/Versions/3.9/lib/python3.9/fnmatch.py,183,94,1
/Users/elifohri/Library/Python/3.9/lib/python/site-packages/pandas/core/frame.py,1204,93,2
/Users/elifohri/Library/Python/3.9/lib/python/site-packages/pandas/io/formats/string.py,128,92,2
/Users/elifohri/Library/Python/3.9/lib/python/site-packages/pandas/core/indexes/base.py,7664,91,2
/Library/Developer/CommandLineTools/Library/Frameworks/Python3.framework/Versions/3.9/lib/python3.9/tracemalloc.py,367,91,2
/Users/elifohri/Library/Python/3.9/lib/python/site-packages/pandas/core/internals/blocks.py,274,90,2
/Users/elifohri/Library/Python/3.9/lib/python/site-packages/pandas/core/apply.py,121,89,2
/Users/elifohri/Library/Python/3.9/lib/python/site-packages/pandas/io/formats/format.py,1805,88,2
/Users/elifohri/Library/Python/3.9/lib/python/site-packages/pandas/core/nanops.py,1109,88,2
/Users/elifohri/Library/Python/3.9/lib/python/site-packages/jupyter_client/session.py,996,88,2
/Users/elifohri/Library/Python/3.9/lib/python/site-packages/pandas/core/nanops.py,1431,87,2
/Users/elifohri/Library/Python/3.9/lib/python/site-packages/IPython/core/compilerop.py,172,84,3
/Users/elifohri/Library/Python/3.9/lib/python/site-packages/pandas/io/formats/format.py,612,84,2
/Users/elifohri/Library/Python/3.9/lib/python/site-packages/pandas/compat/numpy/function.py,104,84,2
/Users/elifohri/Library/Python/3.9/lib/python/site-packages/pandas/core/internals/managers.py,2311,82,2
/Users/elifohri/Documents/mobile-env/mobile_env/core/metrics.py,44,81,2
/Users/elifohri/Documents/mobile-env/mobile_env/core/metrics.py,37,81,2
/Users/elifohri/Library/Python/3.9/lib/python/site-packages/pandas/io/formats/format.py,502,80,2
/Users/elifohri/Library/Python/3.9/lib/python/site-packages/matplotlib/transforms.py,236,80,2
/Users/elifohri/Library/Python/3.9/lib/python/site-packages/matplotlib/text.py,69,80,1
/Users/elifohri/Documents/mobile-env/mobile_env/core/base.py,797,80,1
/Users/elifohri/Documents/mobile-env/mobile_env/core/base.py,789,80,1
/Users/elifohri/Library/Python/3.9/lib/python/site-packages/pandas/io/formats/printing.py,51,79,2
/Users/elifohri/Documents/mobile-env/mobile_env/core/metrics.py,29,79,2
/Users/elifohri/Documents/mobile-env/mobile_env/core/metrics.py,22,79,2
/Users/elifohri/Library/Python/3.9/lib/python/site-packages/pandas/io/formats/format.py,820,78,2
/Users/elifohri/Library/Python/3.9/lib/python/site-packages/pandas/compat/numpy/function.py,124,78,2
/Users/elifohri/Library/Python/3.9/lib/python/site-packages/matplotlib/ticker.py,254,78,1
/Users/elifohri/Library/Python/3.9/lib/python/site-packages/pandas/io/formats/format.py,1025,77,2
/Users/elifohri/Library/Python/3.9/lib/python/site-packages/pandas/io/formats/format.py,498,77,2
/Users/elifohri/Library/Python/3.9/lib/python/site-packages/pandas/core/internals/blocks.py,2586,77,2
/Users/elifohri/Library/Python/3.9/lib/python/site-packages/pandas/core/indexes/range.py,237,77,2
/Users/elifohri/Library/Python/3.9/lib/python/site-packages/pandas/core/indexes/api.py,387,76,2
/Users/elifohri/Library/Python/3.9/lib/python/site-packages/pandas/_config/config.py,215,75,2
/Users/elifohri/Library/Python/3.9/lib/python/site-packages/pandas/core/internals/base.py,378,74,2
/Users/elifohri/Library/Python/3.9/lib/python/site-packages/matplotlib/transforms.py,2004,72,3
/Users/elifohri/Library/Python/3.9/lib/python/site-packages/matplotlib/backends/backend_agg.py,224,72,3
/Users/elifohri/Library/Python/3.9/lib/python/site-packages/pandas/io/formats/format.py,593,72,2
/Users/elifohri/Library/Python/3.9/lib/python/site-packages/pandas/core/internals/managers.py,665,72,2
/Users/elifohri/Library/Python/3.9/lib/python/site-packages/matplotlib/backends/backend_agg.py,92,72,1
/Users/elifohri/Library/Python/3.9/lib/python/site-packages/matplotlib/backends/backend_agg.py,91,72,1
/Users/elifohri/Library/Python/3.9/lib/python/site-packages/matplotlib/backends/backend_agg.py,90,72,1
/Users/elifohri/Library/Python/3.9/lib/python/site-packages/matplotlib/backends/backend_agg.py,89,72,1
/Users/elifohri/Library/Python/3.9/lib/python/site-packages/matplotlib/backends/backend_agg.py,87,72,1
/Users/elifohri/Library/Python/3.9/lib/python/site-packages/matplotlib/axes/_base.py,2343,72,1
/Users/elifohri/Library/Python/3.9/lib/python/site-packages/IPython/core/history.py,842,72,1
/Users/elifohri/Library/Python/3.9/lib/python/site-packages/IPython/core/history.py,825,72,1
/Users/elifohri/Documents/mobile-env/mobile_env/core/base.py,387,72,1
/Users/elifohri/Documents/mobile-env/mobile_env/core/base.py,385,72,1
/Library/Developer/CommandLineTools/Library/Frameworks/Python3.framework/Versions/3.9/lib/python3.9/threading.py,243,72,1
/Library/Developer/CommandLineTools/Library/Frameworks/Python3.framework/Versions/3.9/lib/python3.9/threading.py,239,72,1
/Library/Developer/CommandLineTools/Library/Frameworks/Python3.framework/Versions/3.9/lib/python3.9/threading.py,234,72,1
/Library/Developer/CommandLineTools/Library/Frameworks/Python3.framework/Versions/3.9/lib/python3.9/threading.py,233,72,1
/Library/Developer/CommandLineTools/Library/Frameworks/Python3.framework/Versions/3.9/lib/python3.9/fnmatch.py,52,72,1
/Library/Developer/CommandLineTools/Library/Frameworks/Python3.framework/Versions/3.9/lib/python3.9/tracemalloc.py,379,68,2
/Users/elifohri/Library/Python/3.9/lib/python/site-packages/pandas/io/formats/string.py,67,66,2
/Users/elifohri/Library/Python/3.9/lib/python/site-packages/pandas/core/indexes/base.py,836,64,4
/Users/elifohri/Library/Python/3.9/lib/python/site-packages/numpy/lib/_stride_tricks_impl.py,358,64,4
/Users/elifohri/Library/Python/3.9/lib/python/site-packages/matplotlib/transforms.py,1512,64,4
/Users/elifohri/Library/Python/3.9/lib/python/site-packages/matplotlib/gridspec.py,654,64,3
/Users/elifohri/Library/Python/3.9/lib/python/site-packages/pandas/core/array_algos/take.py,142,64,2
/Users/elifohri/Library/Python/3.9/lib/python/site-packages/numpy/_core/shape_base.py,287,64,2
/Users/elifohri/Library/Python/3.9/lib/python/site-packages/matplotlib/transforms.py,2455,64,2
/Users/elifohri/Library/Python/3.9/lib/python/site-packages/matplotlib/gridspec.py,130,64,2
/Users/elifohri/Library/Python/3.9/lib/python/site-packages/matplotlib/gridspec.py,108,64,2
/Users/elifohri/Library/Python/3.9/lib/python/site-packages/matplotlib/axis.py,578,64,2
/Users/elifohri/Library/Python/3.9/lib/python/site-packages/zmq/sugar/socket.py,806,64,1
/Users/elifohri/Library/Python/3.9/lib/python/site-packages/zmq/sugar/socket.py,740,64,1
/Users/elifohri/Library/Python/3.9/lib/python/site-packages/matplotlib/transforms.py,1757,64,1
/Users/elifohri/Library/Python/3.9/lib/python/site-packages/matplotlib/transforms.py,1756,64,1
/Users/elifohri/Library/Python/3.9/lib/python/site-packages/matplotlib/transforms.py,1755,64,1
/Users/elifohri/Library/Python/3.9/lib/python/site-packages/matplotlib/transforms.py,1754,64,1
/Users/elifohri/Library/Python/3.9/lib/python/site-packages/matplotlib/transforms.py,1753,64,1
/Users/elifohri/Library/Python/3.9/lib/python/site-packages/matplotlib/transforms.py,1752,64,1
/Users/elifohri/Library/Python/3.9/lib/python/site-packages/matplotlib/transforms.py,1751,64,1
/Users/elifohri/Library/Python/3.9/lib/python/site-packages/matplotlib/transforms.py,1750,64,1
/Users/elifohri/Library/Python/3.9/lib/python/site-packages/matplotlib/transforms.py,1749,64,1
/Users/elifohri/Library/Python/3.9/lib/python/site-packages/matplotlib/figure.py,720,64,1
/Users/elifohri/Library/Python/3.9/lib/python/site-packages/matplotlib/figure.py,709,64,1
/Users/elifohri/Library/Python/3.9/lib/python/site-packages/matplotlib/figure.py,138,64,1
/Users/elifohri/Library/Python/3.9/lib/python/site-packages/matplotlib/backend_bases.py,1726,64,1
/Users/elifohri/Library/Python/3.9/lib/python/site-packages/matplotlib/backend_bases.py,152,64,1
/Users/elifohri/Library/Python/3.9/lib/python/site-packages/matplotlib/axes/_base.py,649,64,1
/Users/elifohri/Library/Python/3.9/lib/python/site-packages/jupyter_client/session.py,1053,64,1
/Users/elifohri/Library/Python/3.9/lib/python/site-packages/ipykernel/kernelbase.py,761,64,1
/Users/elifohri/Library/Python/3.9/lib/python/site-packages/ipykernel/kernelbase.py,721,64,1
/Users/elifohri/Library/Python/3.9/lib/python/site-packages/ipykernel/kernelbase.py,69,64,1
/Users/elifohri/Library/Python/3.9/lib/python/site-packages/ipykernel/ipkernel.py,384,64,1
/Users/elifohri/Library/Python/3.9/lib/python/site-packages/ipykernel/ipkernel.py,383,64,1
/Users/elifohri/Library/Python/3.9/lib/python/site-packages/ipykernel/ipkernel.py,381,64,1
/Users/elifohri/Library/Python/3.9/lib/python/site-packages/ipykernel/ipkernel.py,294,64,1
/Users/elifohri/Library/Python/3.9/lib/python/site-packages/ipykernel/ipkernel.py,291,64,1
/Users/elifohri/Library/Python/3.9/lib/python/site-packages/IPython/core/interactiveshell.py,3539,64,1
/Users/elifohri/Library/Python/3.9/lib/python/site-packages/IPython/core/interactiveshell.py,3488,64,1
/Users/elifohri/Library/Python/3.9/lib/python/site-packages/IPython/core/interactiveshell.py,3277,64,1
/Users/elifohri/Library/Python/3.9/lib/python/site-packages/IPython/core/interactiveshell.py,3274,64,1
/Users/elifohri/Documents/mobile-env/mobile_env/core/movement.py,51,64,1
/Users/elifohri/Documents/mobile-env/mobile_env/core/movement.py,50,64,1
/Users/elifohri/Documents/mobile-env/mobile_env/core/monitoring.py,57,64,1
/Users/elifohri/Documents/mobile-env/mobile_env/core/monitoring.py,54,64,1
/Users/elifohri/Documents/mobile-env/mobile_env/core/monitoring.py,51,64,1
/Users/elifohri/Documents/mobile-env/mobile_env/core/monitoring.py,47,64,1
/Users/elifohri/Documents/mobile-env/mobile_env/core/base.py,777,64,1
/Users/elifohri/Documents/mobile-env/mobile_env/core/base.py,699,64,1
/Users/elifohri/Documents/mobile-env/mobile_env/core/base.py,689,64,1
/Users/elifohri/Documents/mobile-env/mobile_env/core/base.py,634,64,1
/Users/elifohri/Documents/mobile-env/mobile_env/core/base.py,629,64,1
/Users/elifohri/Documents/mobile-env/mobile_env/core/base.py,618,64,1
/Users/elifohri/Documents/mobile-env/mobile_env/core/base.py,613,64,1
/Users/elifohri/Documents/mobile-env/mobile_env/core/base.py,448,64,1
/Users/elifohri/Documents/mobile-env/mobile_env/core/base.py,443,64,1
/Users/elifohri/Documents/mobile-env/mobile_env/core/base.py,438,64,1
/Users/elifohri/Documents/mobile-env/mobile_env/core/base.py,433,64,1
/Users/elifohri/Documents/mobile-env/mobile_env/core/base.py,427,64,1
/Users/elifohri/Documents/mobile-env/mobile_env/core/base.py,421,64,1
/Users/elifohri/Documents/mobile-env/mobile_env/core/base.py,413,64,1
/Library/Developer/CommandLineTools/Library/Frameworks/Python3.framework/Versions/3.9/lib/python3.9/inspect.py,2690,64,1
/Users/elifohri/Library/Python/3.9/lib/python/site-packages/pandas/core/generic.py,1565,63,2
/Users/elifohri/Library/Python/3.9/lib/python/site-packages/pandas/core/internals/managers.py,869,62,2
/Users/elifohri/Library/Python/3.9/lib/python/site-packages/pandas/compat/numpy/function.py,383,62,2
/Users/elifohri/Library/Python/3.9/lib/python/site-packages/matplotlib/artist.py,1231,62,1
/Users/elifohri/Library/Python/3.9/lib/python/site-packages/pandas/core/nanops.py,1547,61,2
/Library/Developer/CommandLineTools/Library/Frameworks/Python3.framework/Versions/3.9/lib/python3.9/_collections_abc.py,986,61,2
/Users/elifohri/Library/Python/3.9/lib/python/site-packages/pandas/core/internals/managers.py,1402,60,2
/Users/elifohri/Documents/mobile-env/mobile_env/core/base.py,794,60,2
/Users/elifohri/Documents/mobile-env/mobile_env/core/base.py,786,60,2
/Users/elifohri/Library/Python/3.9/lib/python/site-packages/PIL/Image.py,463,60,1
/Users/elifohri/Library/Python/3.9/lib/python/site-packages/pandas/core/base.py,122,58,2
/Users/elifohri/Library/Python/3.9/lib/python/site-packages/pandas/_config/config.py,479,58,2
/Users/elifohri/Library/Python/3.9/lib/python/site-packages/pandas/io/formats/format.py,939,56,2
/Users/elifohri/Library/Python/3.9/lib/python/site-packages/pandas/io/formats/format.py,582,56,2
/Users/elifohri/Library/Python/3.9/lib/python/site-packages/zmq/sugar/socket.py,751,56,1
/Users/elifohri/Library/Python/3.9/lib/python/site-packages/pandas/core/internals/managers.py,2202,56,1
/Users/elifohri/Library/Python/3.9/lib/python/site-packages/pandas/core/internals/construction.py,1070,56,1
/Users/elifohri/Library/Python/3.9/lib/python/site-packages/pandas/core/internals/construction.py,602,56,1
/Users/elifohri/Library/Python/3.9/lib/python/site-packages/pandas/core/internals/construction.py,600,56,1
/Users/elifohri/Library/Python/3.9/lib/python/site-packages/pandas/core/internals/construction.py,149,56,1
/Users/elifohri/Library/Python/3.9/lib/python/site-packages/numpy/lib/_shape_base_impl.py,656,56,1
/Users/elifohri/Library/Python/3.9/lib/python/site-packages/matplotlib_inline/backend_inline.py,151,56,1
/Users/elifohri/Library/Python/3.9/lib/python/site-packages/matplotlib/figure.py,933,56,1
/Users/elifohri/Library/Python/3.9/lib/python/site-packages/matplotlib/figure.py,932,56,1
/Users/elifohri/Library/Python/3.9/lib/python/site-packages/matplotlib/figure.py,931,56,1
/Users/elifohri/Library/Python/3.9/lib/python/site-packages/matplotlib/figure.py,930,56,1
/Users/elifohri/Library/Python/3.9/lib/python/site-packages/matplotlib/figure.py,929,56,1
/Users/elifohri/Library/Python/3.9/lib/python/site-packages/matplotlib/figure.py,928,56,1
/Users/elifohri/Library/Python/3.9/lib/python/site-packages/matplotlib/figure.py,922,56,1
/Users/elifohri/Library/Python/3.9/lib/python/site-packages/matplotlib/figure.py,711,56,1
/Users/elifohri/Library/Python/3.9/lib/python/site-packages/matplotlib/figure.py,144,56,1
/Users/elifohri/Library/Python/3.9/lib/python/site-packages/matplotlib/figure.py,81,56,1
/Users/elifohri/Library/Python/3.9/lib/python/site-packages/matplotlib/cbook.py,294,56,1
/Users/elifohri/Library/Python/3.9/lib/python/site-packages/matplotlib/backends/backend_agg.py,71,56,1
/Users/elifohri/Library/Python/3.9/lib/python/site-packages/matplotlib/axes/_base.py,2341,56,1
/Users/elifohri/Library/Python/3.9/lib/python/site-packages/matplotlib/axes/_base.py,1305,56,1
/Users/elifohri/Library/Python/3.9/lib/python/site-packages/matplotlib/axes/_base.py,1301,56,1
/Users/elifohri/Library/Python/3.9/lib/python/site-packages/matplotlib/axes/_base.py,1297,56,1
/Users/elifohri/Library/Python/3.9/lib/python/site-packages/matplotlib/axes/_base.py,669,56,1
/Users/elifohri/Library/Python/3.9/lib/python/site-packages/jupyter_client/session.py,1088,56,1
/Users/elifohri/Library/Python/3.9/lib/python/site-packages/IPython/core/payload.py,55,56,1
/Users/elifohri/Library/Python/3.9/lib/python/site-packages/IPython/core/interactiveshell.py,3471,56,1
/Users/elifohri/Library/Python/3.9/lib/python/site-packages/IPython/core/interactiveshell.py,3456,56,1
/Users/elifohri/Library/Python/3.9/lib/python/site-packages/IPython/core/history.py,857,56,1
/Users/elifohri/Documents/mobile-env/mobile_env/core/job_generator.py,99,56,1
/Users/elifohri/Documents/mobile-env/mobile_env/core/base.py,450,56,1
/Users/elifohri/Documents/mobile-env/mobile_env/core/base.py,449,56,1
/Users/elifohri/Documents/mobile-env/mobile_env/core/base.py,445,56,1
/Users/elifohri/Documents/mobile-env/mobile_env/core/base.py,444,56,1
/Users/elifohri/Documents/mobile-env/mobile_env/core/base.py,440,56,1
/Users/elifohri/Documents/mobile-env/mobile_env/core/base.py,439,56,1
/Users/elifohri/Documents/mobile-env/mobile_env/core/base.py,435,56,1
/Users/elifohri/Documents/mobile-env/mobile_env/core/base.py,434,56,1
/Users/elifohri/Documents/mobile-env/mobile_env/core/base.py,430,56,1
/Users/elifohri/Documents/mobile-env/mobile_env/core/base.py,429,56,1
/Users/elifohri/Documents/mobile-env/mobile_env/core/base.py,428,56,1
/Users/elifohri/Documents/mobile-env/mobile_env/core/base.py,424,56,1
/Users/elifohri/Documents/mobile-env/mobile_env/core/base.py,423,56,1
/Users/elifohri/Documents/mobile-env/mobile_env/core/base.py,422,56,1
/Users/elifohri/Documents/mobile-env/mobile_env/core/base.py,418,56,1
/Users/elifohri/Documents/mobile-env/mobile_env/core/base.py,417,56,1
/Users/elifohri/Documents/mobile-env/mobile_env/core/base.py,416,56,1
/Users/elifohri/Documents/mobile-env/mobile_env/core/base.py,415,56,1
/Users/elifohri/Documents/mobile-env/mobile_env/core/base.py,414,56,1
/Users/elifohri/Documents/mobile-env/mobile_env/core/base.py,410,56,1
/Users/elifohri/Documents/mobile-env/mobile_env/core/base.py,409,56,1
/Users/elifohri/Documents/mobile-env/mobile_env/core/base.py,408,56,1
/Users/elifohri/Documents/mobile-env/mobile_env/core/base.py,407,56,1
/Users/elifohri/Documents/mobile-env/mobile_env/core/base.py,406,56,1
/Users/elifohri/Documents/mobile-env/mobile_env/core/base.py,405,56,1
/Users/elifohri/Documents/mobile-env/mobile_env/core/base.py,404,56,1
/Library/Developer/CommandLineTools/Library/Frameworks/Python3.framework/Versions/3.9/lib/python3.9/inspect.py,2686,56,1
/Library/Developer/CommandLineTools/Library/Frameworks/Python3.framework/Versions/3.9/lib/python3.9/concurrent/futures/_base.py,324,56,1
/Library/Developer/CommandLineTools/Library/Frameworks/Python3.framework/Versions/3.9/lib/python3.9/concurrent/futures/_base.py,323,56,1
/Library/Developer/CommandLineTools/Library/Frameworks/Python3.framework/Versions/3.9/lib/python3.9/asyncio/futures.py,398,56,1
/Library/Developer/CommandLineTools/Library/Frameworks/Python3.framework/Versions/3.9/lib/python3.9/asyncio/base_events.py,714,56,1
/Users/elifohri/Library/Python/3.9/lib/python/site-packages/zmq/sugar/attrsettr.py,45,55,1
/Users/elifohri/Library/Python/3.9/lib/python/site-packages/matplotlib/axes/_axes.py,195,55,1
/Users/elifohri/Library/Python/3.9/lib/python/site-packages/IPython/core/history.py,833,55,1
/Users/elifohri/Library/Python/3.9/lib/python/site-packages/pandas/io/formats/format.py,550,54,2
/Users/elifohri/Library/Python/3.9/lib/python/site-packages/gymnasium/wrappers/env_checker.py,43,54,2
/Users/elifohri/Library/Python/3.9/lib/python/site-packages/matplotlib/backends/backend_agg.py,204,54,1
/Users/elifohri/Library/Python/3.9/lib/python/site-packages/pandas/core/generic.py,3995,53,2
/Users/elifohri/Library/Python/3.9/lib/python/site-packages/numpy/_core/arrayprint.py,1016,53,2
/Users/elifohri/Documents/mobile-env/mobile_env/core/base.py,529,53,2
/Users/elifohri/Documents/mobile-env/mobile_env/core/base.py,520,53,2
/Users/elifohri/Library/Python/3.9/lib/python/site-packages/matplotlib/backends/backend_agg.py,193,53,1
/Users/elifohri/Library/Python/3.9/lib/python/site-packages/pandas/_config/config.py,485,52,2
/Users/elifohri/Library/Python/3.9/lib/python/site-packages/numpy/_core/arrayprint.py,930,51,2
/Library/Developer/CommandLineTools/Library/Frameworks/Python3.framework/Versions/3.9/lib/python3.9/tracemalloc.py,338,51,2
/Users/elifohri/Library/Python/3.9/lib/python/site-packages/pandas/core/internals/blocks.py,387,50,2
/Users/elifohri/Library/Python/3.9/lib/python/site-packages/pandas/core/indexes/range.py,483,49,2
/Users/elifohri/Library/Python/3.9/lib/python/site-packages/pandas/core/frame.py,1195,49,2
/Users/elifohri/Library/Python/3.9/lib/python/site-packages/matplotlib/transforms.py,468,48,3
/Users/elifohri/Library/Python/3.9/lib/python/site-packages/matplotlib/axes/_base.py,2922,48,3
/Users/elifohri/Library/Python/3.9/lib/python/site-packages/pandas/io/formats/printing.py,524,48,2
/Users/elifohri/Library/Python/3.9/lib/python/site-packages/matplotlib/backends/backend_agg.py,393,48,2
/Library/Developer/CommandLineTools/Library/Frameworks/Python3.framework/Versions/3.9/lib/python3.9/collections/__init__.py,581,48,2
/Library/Developer/CommandLineTools/Library/Frameworks/Python3.framework/Versions/3.9/lib/python3.9/asyncio/base_events.py,1858,48,2
/Users/elifohri/Library/Python/3.9/lib/python/site-packages/pandas/core/indexes/range.py,839,48,1
/Users/elifohri/Library/Python/3.9/lib/python/site-packages/matplotlib_inline/backend_inline.py,27,48,1
/Users/elifohri/Library/Python/3.9/lib/python/site-packages/matplotlib/transforms.py,1889,48,1
/Users/elifohri/Library/Python/3.9/lib/python/site-packages/matplotlib/transforms.py,803,48,1
/Users/elifohri/Library/Python/3.9/lib/python/site-packages/matplotlib/spines.py,443,48,1
/Users/elifohri/Library/Python/3.9/lib/python/site-packages/matplotlib/spines.py,441,48,1
/Users/elifohri/Library/Python/3.9/lib/python/site-packages/matplotlib/spines.py,439,48,1
/Users/elifohri/Library/Python/3.9/lib/python/site-packages/matplotlib/spines.py,437,48,1
/Users/elifohri/Library/Python/3.9/lib/python/site-packages/matplotlib/markers.py,512,48,1
/Users/elifohri/Library/Python/3.9/lib/python/site-packages/matplotlib/gridspec.py,247,48,1
/Users/elifohri/Library/Python/3.9/lib/python/site-packages/matplotlib/gridspec.py,210,48,1
/Users/elifohri/Library/Python/3.9/lib/python/site-packages/matplotlib/figure.py,2593,48,1
/Users/elifohri/Library/Python/3.9/lib/python/site-packages/matplotlib/figure.py,2589,48,1
/Users/elifohri/Library/Python/3.9/lib/python/site-packages/matplotlib/figure.py,2578,48,1
/Users/elifohri/Library/Python/3.9/lib/python/site-packages/matplotlib/figure.py,2575,48,1
/Users/elifohri/Library/Python/3.9/lib/python/site-packages/matplotlib/figure.py,2573,48,1
/Users/elifohri/Library/Python/3.9/lib/python/site-packages/matplotlib/figure.py,2570,48,1
/Users/elifohri/Library/Python/3.9/lib/python/site-packages/matplotlib/figure.py,2539,48,1
/Users/elifohri/Library/Python/3.9/lib/python/site-packages/matplotlib/figure.py,935,48,1
/Users/elifohri/Library/Python/3.9/lib/python/site-packages/matplotlib/figure.py,710,48,1
/Users/elifohri/Library/Python/3.9/lib/python/site-packages/matplotlib/figure.py,141,48,1
/Users/elifohri/Library/Python/3.9/lib/python/site-packages/matplotlib/figure.py,140,48,1
/Users/elifohri/Library/Python/3.9/lib/python/site-packages/matplotlib/figure.py,139,48,1
/Users/elifohri/Library/Python/3.9/lib/python/site-packages/matplotlib/backends/backend_agg.py,74,48,1
/Users/elifohri/Library/Python/3.9/lib/python/site-packages/matplotlib/backend_bases.py,1733,48,1
/Users/elifohri/Library/Python/3.9/lib/python/site-packages/matplotlib/backend_bases.py,153,48,1
/Users/elifohri/Library/Python/3.9/lib/python/site-packages/matplotlib/axis.py,2607,48,1
/Users/elifohri/Library/Python/3.9/lib/python/site-packages/matplotlib/axis.py,2593,48,1
/Users/elifohri/Library/Python/3.9/lib/python/site-packages/matplotlib/axis.py,2367,48,1
/Users/elifohri/Library/Python/3.9/lib/python/site-packages/matplotlib/axis.py,2354,48,1
/Users/elifohri/Library/Python/3.9/lib/python/site-packages/matplotlib/axes/_base.py,1523,48,1
/Users/elifohri/Library/Python/3.9/lib/python/site-packages/matplotlib/axes/_base.py,1332,48,1
/Users/elifohri/Library/Python/3.9/lib/python/site-packages/matplotlib/axes/_base.py,1327,48,1
/Users/elifohri/Library/Python/3.9/lib/python/site-packages/matplotlib/axes/_base.py,1321,48,1
/Users/elifohri/Library/Python/3.9/lib/python/site-packages/matplotlib/axes/_base.py,1300,48,1
/Users/elifohri/Library/Python/3.9/lib/python/site-packages/matplotlib/axes/_base.py,1294,48,1
/Users/elifohri/Library/Python/3.9/lib/python/site-packages/matplotlib/axes/_base.py,1293,48,1
/Users/elifohri/Library/Python/3.9/lib/python/site-packages/matplotlib/axes/_base.py,1279,48,1
/Users/elifohri/Library/Python/3.9/lib/python/site-packages/matplotlib/axes/_base.py,1199,48,1
/Users/elifohri/Library/Python/3.9/lib/python/site-packages/matplotlib/axes/_base.py,900,48,1
/Users/elifohri/Library/Python/3.9/lib/python/site-packages/matplotlib/axes/_base.py,899,48,1
/Users/elifohri/Library/Python/3.9/lib/python/site-packages/matplotlib/axes/_base.py,894,48,1
/Users/elifohri/Library/Python/3.9/lib/python/site-packages/matplotlib/axes/_base.py,889,48,1
/Users/elifohri/Library/Python/3.9/lib/python/site-packages/matplotlib/axes/_base.py,826,48,1
/Users/elifohri/Library/Python/3.9/lib/python/site-packages/matplotlib/axes/_base.py,818,48,1
/Users/elifohri/Library/Python/3.9/lib/python/site-packages/matplotlib/axes/_base.py,815,48,1
/Users/elifohri/Library/Python/3.9/lib/python/site-packages/matplotlib/axes/_base.py,335,48,1
/Users/elifohri/Library/Python/3.9/lib/python/site-packages/jupyter_client/session.py,200,48,1
/Users/elifohri/Library/Python/3.9/lib/python/site-packages/ipykernel/kernelbase.py,318,48,1
/Users/elifohri/Library/Python/3.9/lib/python/site-packages/ipykernel/iostream.py,287,48,1
/Users/elifohri/Library/Python/3.9/lib/python/site-packages/IPython/core/interactiveshell.py,3478,48,1
/Users/elifohri/Library/Python/3.9/lib/python/site-packages/IPython/core/history.py,826,48,1
/Library/Developer/CommandLineTools/Library/Frameworks/Python3.framework/Versions/3.9/lib/python3.9/tracemalloc.py,560,48,1
/Library/Developer/CommandLineTools/Library/Frameworks/Python3.framework/Versions/3.9/lib/python3.9/enum.py,974,48,1
/Library/Developer/CommandLineTools/Library/Frameworks/Python3.framework/Versions/3.9/lib/python3.9/concurrent/futures/_base.py,327,48,1
/Library/Developer/CommandLineTools/Library/Frameworks/Python3.framework/Versions/3.9/lib/python3.9/asyncio/selector_events.py,140,48,1
/Users/elifohri/Library/Python/3.9/lib/python/site-packages/pandas/core/series.py,6133,47,2
/Users/elifohri/Library/Python/3.9/lib/python/site-packages/pandas/core/internals/managers.py,480,47,2
/Users/elifohri/Library/Python/3.9/lib/python/site-packages/pandas/core/indexes/range.py,1032,47,2
/Users/elifohri/Library/Python/3.9/lib/python/site-packages/pandas/core/generic.py,12498,47,2
/Users/elifohri/Library/Python/3.9/lib/python/site-packages/pandas/io/formats/string.py,63,46,2
/Users/elifohri/Library/Python/3.9/lib/python/site-packages/pandas/core/generic.py,12397,46,2
/Users/elifohri/Library/Python/3.9/lib/python/site-packages/pandas/_config/config.py,480,46,2
/Users/elifohri/Library/Python/3.9/lib/python/site-packages/pandas/core/series.py,6519,45,2
/Users/elifohri/Library/Python/3.9/lib/python/site-packages/pandas/core/generic.py,1439,45,2
/Users/elifohri/Library/Python/3.9/lib/python/site-packages/pandas/core/frame.py,5433,45,2
/Users/elifohri/Library/Python/3.9/lib/python/site-packages/gymnasium/wrappers/order_enforcing.py,52,45,2
/Users/elifohri/Documents/mobile-env/mobile_env/core/monitoring.py,118,45,2
/Users/elifohri/Library/Python/3.9/lib/python/site-packages/pandas/io/formats/format.py,626,44,2
/Users/elifohri/Library/Python/3.9/lib/python/site-packages/pandas/io/formats/format.py,544,44,2
/Users/elifohri/Library/Python/3.9/lib/python/site-packages/pandas/core/series.py,6509,44,2
/Users/elifohri/Library/Python/3.9/lib/python/site-packages/numpy/_core/numeric.py,1424,44,2
/Users/elifohri/Documents/mobile-env/mobile_env/core/metrics.py,8,44,2
/Users/elifohri/Documents/mobile-env/mobile_env/core/metrics.py,4,44,2
/Users/elifohri/Library/Python/3.9/lib/python/site-packages/numpy/_core/arrayprint.py,1026,43,2
/Users/elifohri/Library/Python/3.9/lib/python/site-packages/numpy/_core/arrayprint.py,1025,43,2
/Users/elifohri/Library/Python/3.9/lib/python/site-packages/pandas/io/formats/format.py,526,42,2
/Users/elifohri/Library/Python/3.9/lib/python/site-packages/pandas/io/formats/format.py,518,42,2
/Users/elifohri/Library/Python/3.9/lib/python/site-packages/pandas/io/formats/format.py,514,42,2
/Users/elifohri/Documents/mobile-env/mobile_env/core/metrics.py,10,42,2
/Users/elifohri/Documents/mobile-env/mobile_env/core/metrics.py,6,42,2
/Users/elifohri/Documents/mobile-env/mobile_env/core/base.py,781,42,2
/Library/Developer/CommandLineTools/Library/Frameworks/Python3.framework/Versions/3.9/lib/python3.9/inspect.py,514,42,2
/Library/Developer/CommandLineTools/Library/Frameworks/Python3.framework/Versions/3.9/lib/python3.9/fnmatch.py,70,42,2
/Users/elifohri/Library/Python/3.9/lib/python/site-packages/pandas/core/generic.py,8823,41,2
/Users/elifohri/Library/Python/3.9/lib/python/site-packages/pandas/core/common.py,195,41,2
/Users/elifohri/Library/Python/3.9/lib/python/site-packages/pandas/io/formats/format.py,490,40,2
/Users/elifohri/Library/Python/3.9/lib/python/site-packages/pandas/core/indexes/base.py,915,40,2
/Users/elifohri/Library/Python/3.9/lib/python/site-packages/zmq/eventloop/zmqstream.py,674,40,1
/Users/elifohri/Library/Python/3.9/lib/python/site-packages/pandas/core/arraylike.py,244,39,2
/Users/elifohri/Library/Python/3.9/lib/python/site-packages/pandas/core/arraylike.py,204,39,2
/Users/elifohri/Library/Python/3.9/lib/python/site-packages/pandas/core/arraylike.py,200,39,2
/Users/elifohri/Library/Python/3.9/lib/python/site-packages/pandas/core/arraylike.py,196,39,2
/Users/elifohri/Library/Python/3.9/lib/python/site-packages/pandas/core/arraylike.py,68,39,2
/Users/elifohri/Library/Python/3.9/lib/python/site-packages/pandas/core/arraylike.py,54,39,2
/Users/elifohri/Library/Python/3.9/lib/python/site-packages/pandas/core/arraylike.py,50,39,2
/Users/elifohri/Library/Python/3.9/lib/python/site-packages/pandas/io/formats/format.py,1471,38,2
/Users/elifohri/Library/Python/3.9/lib/python/site-packages/pandas/io/formats/format.py,510,38,2
/Users/elifohri/Library/Python/3.9/lib/python/site-packages/pandas/io/formats/format.py,506,38,2
/Users/elifohri/Library/Python/3.9/lib/python/site-packages/pandas/core/series.py,5791,37,2
/Users/elifohri/Library/Python/3.9/lib/python/site-packages/pandas/core/generic.py,2015,37,2
/Users/elifohri/Library/Python/3.9/lib/python/site-packages/pandas/core/base.py,448,37,2
/Users/elifohri/Library/Python/3.9/lib/python/site-packages/pandas/_config/config.py,665,37,2
/Library/Developer/CommandLineTools/Library/Frameworks/Python3.framework/Versions/3.9/lib/python3.9/tracemalloc.py,212,37,2
/Users/elifohri/Library/Python/3.9/lib/python/site-packages/pandas/core/indexes/range.py,231,34,2
/Users/elifohri/Library/Python/3.9/lib/python/site-packages/matplotlib/lines.py,679,32,2
/Users/elifohri/Library/Python/3.9/lib/python/site-packages/matplotlib/lines.py,414,32,2
/Users/elifohri/Library/Python/3.9/lib/python/site-packages/matplotlib/gridspec.py,188,32,2
/Users/elifohri/Library/Python/3.9/lib/python/site-packages/matplotlib/gridspec.py,187,32,2
/Users/elifohri/Library/Python/3.9/lib/python/site-packages/zmq/utils/garbage.py,50,32,1
/Users/elifohri/Library/Python/3.9/lib/python/site-packages/pandas/core/internals/managers.py,2252,32,1
/Users/elifohri/Library/Python/3.9/lib/python/site-packages/pandas/core/array_algos/take.py,359,32,1
/Users/elifohri/Library/Python/3.9/lib/python/site-packages/pandas/core/array_algos/take.py,357,32,1
/Users/elifohri/Library/Python/3.9/lib/python/site-packages/matplotlib/transforms.py,1789,32,1
/Users/elifohri/Library/Python/3.9/lib/python/site-packages/matplotlib/figure.py,718,32,1
/Users/elifohri/Library/Python/3.9/lib/python/site-packages/matplotlib/axes/_base.py,2342,32,1
/Users/elifohri/Library/Python/3.9/lib/python/site-packages/matplotlib/axes/_base.py,494,32,1
/Users/elifohri/Library/Python/3.9/lib/python/site-packages/matplotlib/axes/_base.py,492,32,1
/Library/Developer/CommandLineTools/Library/Frameworks/Python3.framework/Versions/3.9/lib/python3.9/concurrent/futures/_base.py,410,32,1
/Library/Developer/CommandLineTools/Library/Frameworks/Python3.framework/Versions/3.9/lib/python3.9/asyncio/base_events.py,732,32,1
/Users/elifohri/Library/Python/3.9/lib/python/site-packages/pandas/core/reshape/concat.py,754,28,1
/Users/elifohri/Library/Python/3.9/lib/python/site-packages/jupyter_client/session.py,603,28,1
/Users/elifohri/Library/Python/3.9/lib/python/site-packages/ipykernel/iostream.py,637,28,1
/Users/elifohri/Library/Python/3.9/lib/python/site-packages/IPython/core/compilerop.py,192,28,1
/Users/elifohri/Library/Python/3.9/lib/python/site-packages/matplotlib/patches.py,438,24,1
/Users/elifohri/Library/Python/3.9/lib/python/site-packages/matplotlib/axis.py,2696,24,1
/Users/elifohri/Library/Python/3.9/lib/python/site-packages/matplotlib/axis.py,2666,24,1
/Users/elifohri/Library/Python/3.9/lib/python/site-packages/matplotlib/axis.py,2457,24,1
/Users/elifohri/Library/Python/3.9/lib/python/site-packages/matplotlib/axis.py,2427,24,1
/Users/elifohri/Library/Python/3.9/lib/python/site-packages/matplotlib/axes/_base.py,1524,24,1
/Users/elifohri/Documents/mobile-env/mobile_env/core/base.py,799,24,1
/Users/elifohri/Documents/mobile-env/mobile_env/core/base.py,791,24,1
/Users/elifohri/Documents/mobile-env/mobile_env/core/base.py,707,24,1
/Users/elifohri/Documents/mobile-env/mobile_env/core/base.py,496,24,1
/Users/elifohri/Documents/mobile-env/mobile_env/core/base.py,495,24,1
/Users/elifohri/Documents/mobile-env/mobile_env/core/base.py,492,24,1
/Users/elifohri/Documents/mobile-env/mobile_env/core/base.py,491,24,1
/Library/Developer/CommandLineTools/Library/Frameworks/Python3.framework/Versions/3.9/lib/python3.9/asyncio/base_events.py,696,24,1
/Users/elifohri/Library/Python/3.9/lib/python/site-packages/pandas/core/ops/array_ops.py,390,16,1
/Users/elifohri/Library/Python/3.9/lib/python/site-packages/pandas/core/ops/array_ops.py,129,16,1
/Users/elifohri/Library/Python/3.9/lib/python/site-packages/pandas/core/internals/construction.py,1030,16,1
/Users/elifohri/Library/Python/3.9/lib/python/site-packages/pandas/core/dtypes/cast.py,1189,16,1
/Users/elifohri/Library/Python/3.9/lib/python/site-packages/numpy/lib/_shape_base_impl.py,658,16,1
/Users/elifohri/Library/Python/3.9/lib/python/site-packages/numpy/lib/_arraysetops_impl.py,919,16,1
/Users/elifohri/Library/Python/3.9/lib/python/site-packages/numpy/lib/_arraysetops_impl.py,372,16,1
/Users/elifohri/Library/Python/3.9/lib/python/site-packages/numpy/_core/shape_base.py,65,16,1
/Users/elifohri/Library/Python/3.9/lib/python/site-packages/numpy/_core/numeric.py,1504,16,1
/Users/elifohri/Library/Python/3.9/lib/python/site-packages/matplotlib/units.py,173,16,1
/Users/elifohri/Library/Python/3.9/lib/python/site-packages/matplotlib/transforms.py,988,16,1
/Users/elifohri/Library/Python/3.9/lib/python/site-packages/matplotlib/transforms.py,366,16,1
/Users/elifohri/Library/Python/3.9/lib/python/site-packages/matplotlib/lines.py,415,16,1
